S.NO,Degree,Domain,Skill1,Skill2,Skill3,Certification,JobRole,Experience,Age,Location,Education_Level,University_Tier
1,B.Com,Finance,PowerBI,Financial Modeling,Leadership,CFA,Financial Analyst,3,22,Australia,Bachelor,Tier 2
2,B.Des,Design,Figma,UI/UX,Communication,None,UI/UX Designer,0,25,USA,Master,Tier 3
3,MBA,Finance,Financial Modeling,Data Analysis,Excel,None,Financial Analyst,0,22,Australia,Bachelor,Tier 2
4,MBA,Data Science,PowerBI,Data Analysis,Research,None,Data Analyst,7,28,India,Master,Tier 3
5,B.Com,Marketing,Excel,Marketing,Communication,None,Marketing Specialist,2,26,Australia,Bachelor,Tier 3
6,MBA,Sales,CRM,Negotiation,Communication,None,Sales Manager,7,29,Remote,Master,Tier 1
7,MBA,Business,CRM,Negotiation,Data Analysis,None,Business Development Manager,10,29,Australia,Bachelor,Tier 3
8,B.Tech,Civil,Surveying,Excel,Research,None,Civil Engineer,8,31,Canada,Bachelor,Tier 2
9,MBA,Business,Excel,CRM,Communication,None,Business Development Manager,4,27,Germany,Diploma,Tier 1
10,B.Tech,Electrical,TCP/IP,Networking,Data Analysis,CCNA,Network Engineer,2,25,Germany,Bachelor,Tier 2
11,MBA,Design,UI/UX,Graphic Design,Project Management,None,UI/UX Designer,3,27,Canada,Master,Tier 3
12,Ph.D,Data Science,SQL,Machine Learning,Data Analysis,Google Cloud,Machine Learning Engineer,8,33,Remote,Bachelor,Tier 3
13,B.Tech,Civil,Project Management,Design,Data Analysis,None,Civil Engineer,9,33,Canada,Bachelor,Tier 2
14,M.Tech,Electrical,MATLAB,PLC,Excel,None,Electrical Engineer,11,30,USA,Diploma,Tier 3
15,B.Com,Data Science,Python,SQL,Data Analysis,Google Cloud,Data Analyst,4,24,Australia,Bachelor,Tier 2
16,B.Des,Design,Prototyping,UI/UX,Data Analysis,None,UI/UX Designer,6,28,Germany,PhD,Tier 2
17,M.Tech,Civil,Surveying,Construction,HTML/CSS,None,Civil Engineer,14,36,Germany,Bachelor,Tier 2
18,BBA,Marketing,SEO,Social Media,HTML/CSS,Google Cloud,Marketing Specialist,0,21,Australia,Master,Tier 2
19,MBA,Media,Content Strategy,Communication,SQL,None,Content Writer,3,22,Australia,Bachelor,Tier 2
20,B.Tech,Mechanical,CAD,Thermodynamics,Excel,None,Mechanical Engineer,3,22,Germany,Master,Tier 3
21,M.Tech,Data Science,Statistics,Machine Learning,Excel,AWS,Data Scientist,3,23,USA,Bachelor,Tier 2
22,B.Tech,Civil,Construction,Project Management,Leadership,None,Civil Engineer,1,26,UK,Diploma,Tier 2
23,M.Tech,Civil,Project Management,Construction,Research,None,Civil Engineer,2,27,Remote,Bachelor,Tier 1
24,B.Tech,Operations,Excel,Supply Chain,HTML/CSS,None,Supply Chain Manager,10,30,USA,Master,Tier 2
25,B.Com,Business,Excel,UML,Leadership,None,Business Analyst,8,31,USA,Master,Tier 2
26,B.Com,Data Science,Python,PowerBI,SQL,None,Data Analyst,3,22,Canada,Bachelor,Tier 2
27,BBA,Sales,Negotiation,Excel,Python,None,Sales Manager,4,25,UK,Master,Tier 3
28,M.Tech,Civil,Surveying,Construction,Excel,None,Civil Engineer,0,23,Remote,Bachelor,Tier 3
29,B.Tech,Data Science,PowerBI,SQL,Python,None,Data Analyst,5,30,Canada,Master,Tier 2
30,MBA,Business,Sales,Excel,Research,None,Business Development Manager,3,22,Australia,PhD,Tier 2
31,MBA,Business,UML,Excel,Data Analysis,PMP,Business Analyst,9,30,Remote,PhD,Tier 1
32,MBA,Media,Writing,Content Strategy,Communication,None,Content Writer,11,29,Australia,Bachelor,Tier 1
33,B.Com,Business,Communication,Data Analysis,SQL,None,Business Analyst,10,32,Remote,Master,Tier 3
34,B.Tech,Business,Communication,Stakeholder Mgmt,Leadership,None,Business Analyst,7,28,USA,Master,Tier 1
35,M.Tech,Civil,Excel,Surveying,HTML/CSS,None,Civil Engineer,1,24,USA,Bachelor,Tier 3
36,M.Tech,Mechanical,Design,CAD,Excel,None,Mechanical Engineer,8,30,Australia,Bachelor,Tier 2
37,MBA,Sales,Negotiation,CRM,Excel,None,Sales Manager,10,35,UK,Master,Tier 1
38,B.Com,Business,UML,SQL,Python,None,Business Analyst,12,37,Australia,PhD,Tier 2
39,Ph.D,Biotech,PCR,Research,Python,None,Biotech Researcher,9,31,Canada,Master,Tier 2
40,MBA,Operations,Excel,Supply Chain,Project Management,None,Operations Manager,6,30,Remote,Bachelor,Tier 2
41,M.Tech,Chemical,Safety,Process Design,Excel,None,Chemical Engineer,15,34,USA,Bachelor,Tier 2
42,M.Tech,Civil,Surveying,Excel,Python,None,Civil Engineer,8,33,Germany,Master,Tier 2
43,M.Tech,Data Science,Python,Hadoop,Excel,AWS,Data Engineer,6,25,Germany,Bachelor,Tier 2
44,Ph.D,Biotech,Documentation,Data Analysis,Python,None,Biotech Researcher,0,25,Germany,Bachelor,Tier 3
45,MBA,Operations,Operations,ERP,Research,None,Operations Manager,12,31,Remote,PhD,Tier 2
46,BBA,HR,Payroll,Excel,Communication,None,HR Manager,4,24,USA,Bachelor,Tier 1
47,M.Tech,Security,Python,Network,Data Analysis,None,Security Analyst,6,31,Australia,Bachelor,Tier 2
48,MBA,Operations,Supply Chain,ERP,Excel,None,Supply Chain Manager,3,28,Remote,Bachelor,Tier 2
49,BBA,Sales,Excel,Strategy,Python,None,Sales Manager,0,23,Canada,Master,Tier 3
50,M.Tech,Management,Project Management,Risk Mgmt,SQL,PMP,Project Manager,12,30,India,Bachelor,Tier 3
51,M.Tech,Electrical,Networking,TCP/IP,Excel,CCNA,Network Engineer,7,25,Australia,Master,Tier 3
52,MBA,Management,Excel,Project Management,Leadership,Scrum,Project Manager,3,28,Canada,Master,Tier 2
53,M.Sc,Biotech,Biology,PCR,Excel,None,Biotech Researcher,0,24,Remote,Bachelor,Tier 2
54,B.Tech,Computer Science,Cloud,AWS,Project Management,Google Cloud,Cloud Engineer,11,36,Remote,Bachelor,Tier 1
55,M.Tech,Civil,Construction,AutoCAD,SQL,None,Civil Engineer,12,32,India,Bachelor,Tier 2
56,Ph.D,Data Science,SQL,Python,Communication,Google Cloud,Data Scientist,15,38,Australia,Bachelor,Tier 3
57,M.Tech,Electrical,Design,PLC,Excel,None,Electrical Engineer,2,24,USA,Bachelor,Tier 2
58,MBA,Media,Content Strategy,Editing,Python,None,Content Writer,1,21,Canada,Bachelor,Tier 3
59,BBA,Sales,Negotiation,Communication,Excel,None,Sales Manager,1,22,USA,Master,Tier 3
60,BBA,Sales,Leadership,Excel,Research,None,Sales Manager,2,23,India,Bachelor,Tier 2
61,M.Tech,Mechanical,CAD,Thermodynamics,SQL,None,Mechanical Engineer,13,31,Canada,Master,Tier 2
62,B.Tech,Security,Security,Linux,SQL,None,Security Analyst,6,30,India,Bachelor,Tier 2
63,B.Tech,Security,Network,Linux,Communication,CCNA,Security Analyst,9,32,India,Bachelor,Tier 2
64,B.Tech,Operations,Operations,Excel,Communication,None,Operations Manager,12,31,Canada,Bachelor,Tier 2
65,Ph.D,Biotech,Biology,Lab Techniques,Project Management,None,Biotech Researcher,13,37,Remote,Bachelor,Tier 1
66,BBA,HR,Recruitment,Communication,Excel,None,HR Manager,0,25,Germany,Bachelor,Tier 1
67,B.Sc,Data Science,SQL,Python,Project Management,None,Data Analyst,7,26,UK,Bachelor,Tier 2
68,M.Sc,Biotech,Lab Techniques,Data Analysis,Excel,None,Biotech Researcher,2,23,Remote,PhD,Tier 2
69,BBA,Sales,Communication,CRM,Python,None,Sales Manager,9,33,Australia,Bachelor,Tier 3
70,MBA,Marketing,SEO,Marketing,Leadership,Google Cloud,Marketing Specialist,13,32,Remote,Bachelor,Tier 3
71,B.Com,Business,UML,SQL,Python,PMP,Business Analyst,4,23,Germany,Master,Tier 2
72,M.Tech,Security,Security,Python,Project Management,None,Security Analyst,12,37,India,Master,Tier 3
73,MBA,Business,Stakeholder Mgmt,Excel,HTML/CSS,None,Business Analyst,12,32,Australia,Master,Tier 3
74,B.Tech,Civil,AutoCAD,Excel,Research,None,Civil Engineer,1,25,India,Bachelor,Tier 2
75,MCA,Computer Science,Docker,Cloud,HTML/CSS,AWS,Cloud Engineer,3,25,USA,Master,Tier 3
76,M.Tech,Electrical,Proteus,MATLAB,Data Analysis,None,Electrical Engineer,8,32,UK,Master,Tier 3
77,B.Tech,Chemical,Chemistry,MATLAB,HTML/CSS,None,Chemical Engineer,8,32,Remote,Bachelor,Tier 3
78,B.Tech,Mechanical,Thermodynamics,Project Mgmt,Research,None,Mechanical Engineer,1,25,Australia,Bachelor,Tier 3
79,BBA,Business,Negotiation,Strategy,Research,None,Business Development Manager,2,24,UK,Master,Tier 1
80,B.Tech,Civil,AutoCAD,Excel,Data Analysis,None,Civil Engineer,8,27,UK,PhD,Tier 3
81,MBA,Operations,Operations,ERP,Data Analysis,None,Operations Manager,12,35,UK,Diploma,Tier 2
82,MBA,Data Science,Data Analysis,Python,SQL,None,Data Analyst,8,33,India,Bachelor,Tier 2
83,MBA,Operations,Analytics,Supply Chain,Python,None,Supply Chain Manager,8,31,Remote,Master,Tier 2
84,B.Tech,Civil,Design,Project Management,Excel,None,Civil Engineer,10,35,USA,Master,Tier 2
85,B.Tech,Chemical,Excel,Process Design,Leadership,None,Chemical Engineer,1,21,UK,PhD,Tier 1
86,M.Tech,Security,Security,Network,Leadership,CCNA,Security Analyst,7,32,USA,Bachelor,Tier 2
87,BBA,Marketing,Analytics,Communication,Data Analysis,None,Marketing Specialist,0,21,Remote,Bachelor,Tier 3
88,M.Tech,Security,Linux,Python,Research,CCNA,Security Analyst,6,27,UK,Master,Tier 3
89,B.Com,Data Science,SQL,Excel,Leadership,Google Cloud,Data Analyst,0,23,Remote,Master,Tier 2
90,B.Tech,Electrical,Proteus,MATLAB,Leadership,None,Electrical Engineer,3,27,India,Bachelor,Tier 3
91,M.Sc,Data Science,Statistics,Pandas,Excel,Google Cloud,Data Scientist,10,32,Canada,Bachelor,Tier 2
92,MBA,Business,Data Analysis,Stakeholder Mgmt,Research,PMP,Business Analyst,14,34,Germany,Master,Tier 2
93,B.Tech,Chemical,Simulation,Process Design,Leadership,None,Chemical Engineer,1,25,Canada,Bachelor,Tier 2
94,B.Tech,Security,Incident Response,Python,Leadership,None,Security Analyst,1,23,Canada,Bachelor,Tier 1
95,B.Tech,Operations,Supply Chain,Analytics,Communication,None,Operations Manager,6,26,Australia,Bachelor,Tier 3
96,M.Tech,Security,Linux,Incident Response,Leadership,None,Security Analyst,0,25,Australia,Master,Tier 2
97,M.Tech,Chemical,Chemistry,Safety,Python,None,Chemical Engineer,2,27,Canada,Bachelor,Tier 2
98,MBA,Marketing,Communication,Excel,SQL,None,Marketing Specialist,2,24,Germany,Master,Tier 2
99,B.Tech,Civil,Construction,Design,HTML/CSS,None,Civil Engineer,14,34,UK,Bachelor,Tier 2
100,M.Sc,Data Science,Statistics,Machine Learning,Project Management,Google Cloud,Data Scientist,1,21,USA,Bachelor,Tier 2
101,Ph.D,Biotech,Research,Data Analysis,Excel,None,Biotech Researcher,15,39,Germany,Bachelor,Tier 2
102,M.Tech,Chemical,Chemistry,Simulation,Communication,None,Chemical Engineer,7,32,Canada,Master,Tier 3
103,M.Tech,Mechanical,Thermodynamics,Design,Data Analysis,None,Mechanical Engineer,2,25,Remote,Master,Tier 2
104,MBA,Sales,Strategy,Communication,Data Analysis,None,Sales Manager,12,37,Germany,Bachelor,Tier 2
105,B.Tech,Operations,ERP,Analytics,Leadership,None,Operations Manager,10,28,Remote,PhD,Tier 2
106,BBA,HR,Communication,Leadership,SQL,None,HR Manager,3,26,Canada,Bachelor,Tier 3
107,B.Tech,Electrical,Proteus,Design,HTML/CSS,None,Electrical Engineer,8,28,USA,Master,Tier 3
108,MBA,Business,Sales,Communication,Project Management,None,Business Development Manager,2,23,Remote,Master,Tier 2
109,M.Tech,Chemical,Chemistry,Process Design,SQL,None,Chemical Engineer,14,38,Canada,Master,Tier 3
110,MBA,Management,Communication,Project Management,SQL,Scrum,Project Manager,9,29,Canada,Diploma,Tier 2
111,M.Tech,Security,Security,Linux,HTML/CSS,None,Security Analyst,12,34,Canada,Bachelor,Tier 3
112,MBA,Marketing,Communication,Analytics,Project Management,Google Cloud,Marketing Specialist,1,24,Remote,Bachelor,Tier 1
113,BBA,HR,Labor Laws,Excel,HTML/CSS,None,HR Manager,15,36,USA,PhD,Tier 2
114,M.Sc,Data Science,Machine Learning,Python,SQL,None,Machine Learning Engineer,14,35,Canada,Bachelor,Tier 1
115,B.Tech,Operations,Leadership,ERP,HTML/CSS,None,Operations Manager,12,31,UK,Master,Tier 2
116,MCA,Data Science,Data Analysis,SQL,Python,None,Data Scientist,11,30,Australia,Master,Tier 2
117,B.Tech,Operations,Leadership,Supply Chain,Research,None,Operations Manager,2,24,Canada,Bachelor,Tier 3
118,MBA,HR,Labor Laws,Payroll,SQL,None,HR Manager,4,28,Australia,Master,Tier 3
119,M.Tech,Data Science,Data Analysis,SQL,HTML/CSS,Google Cloud,Data Scientist,2,27,Australia,Bachelor,Tier 2
120,B.Com,Marketing,Communication,Marketing,HTML/CSS,Google Cloud,Marketing Specialist,1,26,UK,Master,Tier 2
121,B.Tech,Civil,Design,Construction,SQL,None,Civil Engineer,14,35,Remote,Bachelor,Tier 2
122,BBA,Marketing,Analytics,Social Media,HTML/CSS,None,Marketing Specialist,3,28,Australia,Master,Tier 3
123,B.Tech,Security,Network,Security,Research,None,Security Analyst,4,29,Australia,Bachelor,Tier 2
124,MBA,Sales,CRM,Strategy,Project Management,None,Sales Manager,2,22,UK,Bachelor,Tier 1
125,B.Tech,Operations,Operations,Excel,Python,None,Operations Manager,5,24,Canada,PhD,Tier 1
126,M.Tech,Electrical,TCP/IP,Networking,SQL,CCNA,Network Engineer,0,24,Remote,Bachelor,Tier 2
127,M.Tech,Data Science,Machine Learning,Statistics,Leadership,Google Cloud,Data Scientist,11,30,Australia,Diploma,Tier 3
128,Ph.D,Data Science,Statistics,SQL,Research,Google Cloud,Data Scientist,10,28,India,Bachelor,Tier 2
129,B.Tech,Mechanical,SolidWorks,Project Mgmt,Project Management,None,Mechanical Engineer,4,23,Australia,Master,Tier 2
130,M.Tech,Electrical,Networking,Routers,Data Analysis,CCNA,Network Engineer,9,28,India,Master,Tier 3
131,B.Tech,Civil,AutoCAD,Excel,HTML/CSS,None,Civil Engineer,8,26,Australia,Bachelor,Tier 2
132,B.Tech,Operations,ERP,Leadership,Excel,None,Operations Manager,9,29,Germany,Master,Tier 2
133,B.Tech,Civil,Excel,Design,Project Management,None,Civil Engineer,14,33,Germany,Diploma,Tier 3
134,Ph.D,Data Science,SQL,Machine Learning,Data Analysis,AWS,Data Scientist,11,35,Germany,Bachelor,Tier 3
135,B.Tech,Civil,AutoCAD,Construction,Communication,None,Civil Engineer,5,23,USA,Master,Tier 2
136,MBA,Sales,Leadership,Excel,Research,None,Sales Manager,11,31,Germany,PhD,Tier 1
137,B.Tech,Operations,ERP,Analytics,Data Analysis,None,Operations Manager,4,28,Germany,PhD,Tier 2
138,M.Tech,Data Science,SQL,Hadoop,Leadership,None,Data Engineer,12,35,India,Bachelor,Tier 2
139,M.Tech,Electrical,Design,MATLAB,Leadership,None,Electrical Engineer,9,27,Australia,Master,Tier 3
140,M.Tech,Management,Communication,Project Management,Research,PMP,Project Manager,4,24,Remote,Bachelor,Tier 2
141,MA,Media,Research,Content Strategy,Project Management,None,Content Writer,11,33,Remote,PhD,Tier 1
142,B.Des,Design,Graphic Design,UI/UX,SQL,None,UI/UX Designer,2,22,UK,Bachelor,Tier 3
143,B.Sc,Biotech,Data Analysis,Research,Leadership,None,Biotech Researcher,3,26,USA,Bachelor,Tier 1
144,Ph.D,Data Science,TensorFlow,Machine Learning,Data Analysis,AWS,Machine Learning Engineer,8,28,Australia,PhD,Tier 2
145,MBA,Data Science,Data Analysis,SQL,Research,Google Cloud,Data Analyst,9,34,Canada,Diploma,Tier 2
146,MBA,Business,Stakeholder Mgmt,UML,Leadership,None,Business Analyst,10,35,India,Master,Tier 1
147,MBA,Business,Communication,Excel,Research,None,Business Analyst,13,36,Australia,Diploma,Tier 3
148,M.Tech,Civil,Design,AutoCAD,Communication,None,Civil Engineer,9,29,Germany,Bachelor,Tier 3
149,MCA,Data Science,Pandas,Data Analysis,Python,None,Data Scientist,11,32,USA,Master,Tier 2
150,MBA,Finance,Financial Modeling,SQL,HTML/CSS,None,Financial Analyst,3,24,USA,Bachelor,Tier 2
151,B.Com,Finance,Excel,Financial Modeling,Communication,CFA,Financial Analyst,7,26,India,Diploma,Tier 3
152,M.Tech,Computer Science,Azure,Cloud,Project Management,Azure,Cloud Engineer,14,35,UK,Bachelor,Tier 1
153,B.Tech,Security,SIEM,Incident Response,Communication,None,Security Analyst,4,25,Australia,Bachelor,Tier 2
154,M.Tech,Management,Project Management,Risk Mgmt,HTML/CSS,PMP,Project Manager,1,24,India,Bachelor,Tier 1
155,M.Tech,Mechanical,CAD,MATLAB,Python,None,Mechanical Engineer,8,26,USA,PhD,Tier 2
156,BBA,Sales,CRM,Leadership,Research,None,Sales Manager,4,25,Canada,Bachelor,Tier 2
157,MBA,Sales,Excel,Negotiation,Python,None,Sales Manager,9,34,UK,Bachelor,Tier 2
158,MCA,Data Science,Statistics,Data Analysis,Project Management,None,Data Scientist,11,31,Australia,Bachelor,Tier 2
159,B.Tech,Electrical,MATLAB,PLC,Excel,None,Electrical Engineer,3,23,India,Bachelor,Tier 2
160,M.Tech,Electrical,MATLAB,Proteus,HTML/CSS,None,Electrical Engineer,13,38,USA,Bachelor,Tier 3
161,B.Tech,Design,UI/UX,Figma,Project Management,None,UI/UX Designer,5,30,Canada,Bachelor,Tier 2
162,MBA,HR,Excel,Payroll,Python,None,HR Manager,8,32,USA,PhD,Tier 2
163,B.Tech,Business,Stakeholder Mgmt,Data Analysis,Leadership,None,Business Analyst,9,28,UK,Master,Tier 3
164,MBA,HR,Excel,Recruitment,HTML/CSS,None,HR Manager,8,29,India,Bachelor,Tier 2
165,B.Tech,Security,SIEM,Incident Response,Project Management,CCNA,Security Analyst,12,32,Remote,Master,Tier 2
166,BBA,Business,Excel,Sales,Excel,None,Business Development Manager,8,27,India,Master,Tier 2
167,B.Tech,Security,Incident Response,Linux,HTML/CSS,CCNA,Security Analyst,3,27,Remote,Bachelor,Tier 3
168,M.Sc,Biotech,Research,Lab Techniques,HTML/CSS,None,Biotech Researcher,5,29,Australia,PhD,Tier 3
169,B.Tech,Mechanical,MATLAB,Design,SQL,None,Mechanical Engineer,15,38,USA,Master,Tier 2
170,Ph.D,Data Science,Machine Learning,Statistics,Communication,Google Cloud,Data Scientist,1,22,Germany,Master,Tier 1
171,M.Tech,Security,Linux,Network,Python,None,Security Analyst,1,24,Remote,Bachelor,Tier 3
172,B.Tech,Operations,Leadership,ERP,SQL,None,Operations Manager,3,24,USA,Master,Tier 2
173,Ph.D,Biotech,PCR,Research,HTML/CSS,None,Biotech Researcher,6,26,Canada,Master,Tier 3
174,B.Tech,Chemical,Process Design,MATLAB,Research,None,Chemical Engineer,13,35,UK,Diploma,Tier 2
175,M.Tech,Civil,Project Management,Surveying,Data Analysis,None,Civil Engineer,5,29,Australia,Bachelor,Tier 3
176,BBA,Sales,Excel,Strategy,SQL,None,Sales Manager,7,27,USA,Bachelor,Tier 2
177,B.Tech,Data Science,Python,Tableau,Leadership,Google Cloud,Data Analyst,11,32,Australia,Bachelor,Tier 2
178,MBA,Sales,CRM,Negotiation,SQL,None,Sales Manager,2,26,Germany,Bachelor,Tier 2
179,MBA,Business,CRM,Communication,Project Management,None,Business Development Manager,6,31,India,Master,Tier 2
180,M.Tech,Data Science,SQL,Python,Leadership,Google Cloud,Data Engineer,1,24,USA,Bachelor,Tier 2
181,BBA,Marketing,Social Media,Marketing,Excel,Google Cloud,Marketing Specialist,0,24,UK,Master,Tier 3
182,MBA,Marketing,Social Media,Excel,HTML/CSS,Google Cloud,Marketing Specialist,2,22,Germany,Bachelor,Tier 1
183,M.Tech,Chemical,Simulation,Excel,Project Management,None,Chemical Engineer,4,28,Remote,Bachelor,Tier 1
184,MBA,Business,Data Analysis,Excel,Leadership,None,Business Analyst,12,35,USA,Master,Tier 2
185,M.Tech,Data Science,Python,Machine Learning,Research,Google Cloud,Data Scientist,13,35,Germany,Master,Tier 2
186,MBA,Business,Excel,Communication,Research,PMP,Business Analyst,3,22,Remote,Master,Tier 2
187,BBA,HR,Payroll,Leadership,SQL,None,HR Manager,0,22,USA,Diploma,Tier 2
188,B.Tech,Electrical,MATLAB,PLC,SQL,None,Electrical Engineer,10,35,Canada,Master,Tier 3
189,MCA,Computer Science,Terraform,Cloud,Data Analysis,Azure,Cloud Engineer,7,28,USA,PhD,Tier 2
190,B.Tech,Operations,ERP,Supply Chain,Leadership,None,Operations Manager,13,31,UK,Diploma,Tier 3
191,B.Tech,Civil,AutoCAD,Design,Leadership,None,Civil Engineer,5,29,Canada,Bachelor,Tier 3
192,Ph.D,Biotech,Research,PCR,Project Management,None,Biotech Researcher,12,35,UK,Master,Tier 2
193,B.Tech,Mechanical,MATLAB,SolidWorks,Project Management,None,Mechanical Engineer,9,31,USA,Master,Tier 2
194,M.Tech,Data Science,ETL,Spark,Research,Google Cloud,Data Engineer,7,28,Remote,Master,Tier 3
195,M.Tech,Data Science,Machine Learning,PyTorch,Research,AWS,Machine Learning Engineer,2,25,Remote,Bachelor,Tier 2
196,M.Tech,Mechanical,Design,SolidWorks,Data Analysis,None,Mechanical Engineer,6,31,USA,Master,Tier 2
197,M.Tech,Data Science,Data Analysis,Python,Excel,None,Data Scientist,0,22,USA,PhD,Tier 1
198,B.Tech,Electrical,Circuits,Proteus,Research,None,Electrical Engineer,11,30,UK,Bachelor,Tier 3
199,B.Com,Finance,Financial Modeling,Accounting,HTML/CSS,CFA,Financial Analyst,10,29,UK,Bachelor,Tier 1
200,MBA,Data Science,Excel,Python,SQL,None,Data Analyst,7,26,India,Bachelor,Tier 3
201,B.Tech,Design,HTML/CSS,UI/UX,Leadership,None,UI/UX Designer,8,32,Australia,Master,Tier 2
202,BBA,HR,Payroll,Leadership,Communication,None,HR Manager,5,23,Canada,Diploma,Tier 3
203,BBA,Sales,Strategy,Excel,Python,None,Sales Manager,1,21,Germany,Bachelor,Tier 2
204,M.Tech,Civil,Excel,Design,Project Management,None,Civil Engineer,5,24,India,Bachelor,Tier 2
205,MCA,Data Science,Data Analysis,Pandas,HTML/CSS,Google Cloud,Data Scientist,12,34,Canada,Bachelor,Tier 2
206,BBA,HR,Labor Laws,Recruitment,Project Management,None,HR Manager,1,21,Germany,Bachelor,Tier 2
207,B.Tech,Data Science,Python,PowerBI,Project Management,None,Data Analyst,1,26,India,Master,Tier 1
208,MBA,HR,Recruitment,Labor Laws,Leadership,None,HR Manager,3,26,India,Bachelor,Tier 3
209,MBA,Finance,Accounting,Financial Modeling,SQL,CFA,Financial Analyst,8,33,Canada,Master,Tier 1
210,MBA,Business,Communication,CRM,SQL,None,Business Development Manager,10,35,Remote,Master,Tier 2
211,B.Com,Business,Stakeholder Mgmt,Data Analysis,Excel,None,Business Analyst,7,25,India,Bachelor,Tier 2
212,M.Tech,Civil,AutoCAD,Excel,Data Analysis,None,Civil Engineer,4,28,Germany,Bachelor,Tier 1
213,MBA,Sales,Negotiation,Strategy,Project Management,None,Sales Manager,4,23,USA,Bachelor,Tier 2
214,BBA,HR,Leadership,Payroll,Communication,None,HR Manager,8,31,UK,Bachelor,Tier 2
215,MBA,Design,Graphic Design,UI/UX,Research,None,UI/UX Designer,14,32,Remote,Master,Tier 3
216,B.Tech,Business,UML,Excel,Communication,PMP,Business Analyst,13,37,Germany,Bachelor,Tier 2
217,B.Tech,Operations,Supply Chain,Excel,Communication,None,Operations Manager,8,27,Australia,Bachelor,Tier 2
218,M.Tech,Data Science,Pandas,SQL,Research,None,Data Scientist,14,37,Germany,Bachelor,Tier 2
219,MBA,Business,Negotiation,Excel,Leadership,None,Business Development Manager,13,35,India,Master,Tier 2
220,M.Tech,Management,Project Management,Risk Mgmt,SQL,Scrum,Project Manager,2,22,Remote,Bachelor,Tier 2
221,Ph.D,Biotech,Lab Techniques,Biology,Research,None,Biotech Researcher,5,23,Canada,PhD,Tier 2
222,B.Sc,Biotech,Data Analysis,Research,Project Management,None,Biotech Researcher,4,25,India,Bachelor,Tier 2
223,MBA,Management,Communication,Scrum,Excel,PMP,Scrum Master,9,30,Germany,Master,Tier 2
224,M.Sc,Biotech,PCR,Documentation,Excel,None,Biotech Researcher,11,33,India,Bachelor,Tier 2
225,MBA,Operations,Supply Chain,Planning,SQL,None,Supply Chain Manager,0,23,Australia,Bachelor,Tier 3
226,B.Tech,Chemical,Safety,Chemistry,Excel,None,Chemical Engineer,7,32,USA,Bachelor,Tier 2
227,B.Tech,Security,Network,Linux,Leadership,CCNA,Security Analyst,13,34,USA,Master,Tier 2
228,B.Tech,Electrical,Circuits,Proteus,Research,None,Electrical Engineer,5,29,Germany,Diploma,Tier 2
229,M.Tech,Electrical,Circuits,Power Systems,Data Analysis,None,Electrical Engineer,6,31,Canada,Bachelor,Tier 1
230,B.Tech,Data Science,ETL,Python,Research,None,Data Engineer,6,27,UK,Master,Tier 3
231,MBA,Data Science,Data Analysis,Excel,Research,AWS,Data Analyst,2,26,India,Master,Tier 2
232,B.Tech,Mechanical,Project Mgmt,Thermodynamics,Python,None,Mechanical Engineer,11,31,USA,Bachelor,Tier 2
233,M.Tech,Security,SIEM,Incident Response,Project Management,None,Security Analyst,12,36,India,Bachelor,Tier 3
234,B.Tech,Electrical,Design,Circuits,Leadership,None,Electrical Engineer,5,27,Canada,Bachelor,Tier 2
235,M.Tech,Electrical,Circuits,MATLAB,Communication,None,Electrical Engineer,12,33,USA,Bachelor,Tier 2
236,M.Tech,Electrical,Power Systems,Design,Communication,None,Electrical Engineer,5,25,Germany,Bachelor,Tier 1
237,MBA,HR,Recruitment,Payroll,Communication,None,HR Manager,15,34,Australia,Bachelor,Tier 3
238,MBA,Business,Data Analysis,Communication,Python,PMP,Business Analyst,14,35,USA,Diploma,Tier 1
239,MBA,Business,Sales,CRM,Excel,None,Business Development Manager,7,28,India,Bachelor,Tier 2
240,MBA,Business,CRM,Sales,SQL,None,Business Development Manager,5,30,Canada,Master,Tier 3
241,B.Tech,Security,SIEM,Security,Project Management,None,Security Analyst,11,34,Remote,Master,Tier 3
242,BBA,Marketing,Social Media,SEO,Leadership,None,Marketing Specialist,14,36,USA,PhD,Tier 1
243,Ph.D,Biotech,Data Analysis,Documentation,Communication,None,Biotech Researcher,6,24,Canada,Bachelor,Tier 2
244,MBA,Design,UI/UX,Graphic Design,Communication,None,UI/UX Designer,5,28,Australia,Bachelor,Tier 2
245,B.Sc,Biotech,PCR,Biology,Research,None,Biotech Researcher,3,23,Remote,Master,Tier 3
246,B.Tech,Operations,Operations,Leadership,Excel,None,Operations Manager,8,27,Australia,Master,Tier 2
247,MBA,Business,Excel,CRM,SQL,None,Business Development Manager,10,29,Remote,Master,Tier 2
248,M.Tech,Chemical,Process Design,Simulation,HTML/CSS,None,Chemical Engineer,4,27,Australia,Bachelor,Tier 2
249,M.Tech,Electrical,Networking,Routers,Excel,CCNA,Network Engineer,9,27,Remote,PhD,Tier 2
250,M.Tech,Data Science,Spark,Python,HTML/CSS,Google Cloud,Data Engineer,11,30,India,Bachelor,Tier 3
251,B.Tech,Data Science,Hadoop,Spark,Communication,Google Cloud,Data Engineer,5,23,Germany,Master,Tier 3
252,B.Tech,Chemical,Safety,Process Design,HTML/CSS,None,Chemical Engineer,2,27,Remote,Bachelor,Tier 2
253,B.Tech,Data Science,SQL,Hadoop,Python,None,Data Engineer,0,25,Australia,Bachelor,Tier 2
254,BBA,Business,Communication,Negotiation,Data Analysis,None,Business Development Manager,8,26,USA,Bachelor,Tier 2
255,B.Tech,Business,SQL,UML,Excel,None,Business Analyst,2,26,India,PhD,Tier 3
256,B.Sc,Data Science,Excel,Python,Data Analysis,None,Data Analyst,13,33,Australia,Bachelor,Tier 2
257,M.Tech,Computer Science,Cloud,Python,Research,AWS,Cloud Engineer,2,24,Australia,Bachelor,Tier 3
258,M.Tech,Electrical,Routers,Networking,Leadership,CCNA,Network Engineer,5,24,India,Master,Tier 3
259,M.Tech,Data Science,Statistics,Data Analysis,HTML/CSS,Google Cloud,Data Scientist,8,27,UK,Bachelor,Tier 3
260,B.Tech,Civil,Construction,Excel,Leadership,None,Civil Engineer,2,25,Germany,Bachelor,Tier 1
261,M.Tech,Electrical,Circuits,Proteus,SQL,None,Electrical Engineer,0,22,India,Bachelor,Tier 2
262,MBA,Marketing,Communication,SEO,Project Management,None,Marketing Specialist,1,22,USA,Master,Tier 3
263,MBA,HR,Leadership,Payroll,HTML/CSS,None,HR Manager,6,28,Canada,Master,Tier 3
264,M.Tech,Chemical,Process Design,Simulation,Python,None,Chemical Engineer,6,27,USA,Diploma,Tier 2
265,M.Sc,Biotech,Research,PCR,HTML/CSS,None,Biotech Researcher,7,32,UK,Master,Tier 2
266,B.Com,Data Science,Tableau,PowerBI,Research,AWS,Data Analyst,0,23,India,Master,Tier 2
267,MCA,Data Science,Spark,ETL,SQL,AWS,Data Engineer,7,32,Germany,Master,Tier 2
268,B.Tech,Civil,Construction,Project Management,Python,None,Civil Engineer,4,24,UK,Bachelor,Tier 2
269,MBA,HR,Recruitment,Excel,HTML/CSS,None,HR Manager,3,23,Germany,Bachelor,Tier 2
270,M.Tech,Mechanical,CAD,SolidWorks,Communication,None,Mechanical Engineer,11,29,Germany,Bachelor,Tier 2
271,M.Tech,Security,Linux,Security,Leadership,None,Security Analyst,1,22,Remote,Master,Tier 1
272,B.Tech,Security,Linux,Incident Response,Leadership,CCNA,Security Analyst,7,29,Germany,Bachelor,Tier 2
273,M.Tech,Civil,Surveying,AutoCAD,Leadership,None,Civil Engineer,7,25,Germany,Bachelor,Tier 3
274,B.Tech,Data Science,Hadoop,Airflow,Communication,None,Data Engineer,3,22,India,Master,Tier 3
275,BBA,Business,Communication,Sales,SQL,None,Business Development Manager,2,26,Canada,Bachelor,Tier 3
276,B.Tech,Mechanical,SolidWorks,MATLAB,Excel,None,Mechanical Engineer,1,24,India,Bachelor,Tier 2
277,BBA,Marketing,Analytics,Communication,HTML/CSS,Google Cloud,Marketing Specialist,9,32,Germany,Master,Tier 2
278,MCA,Data Science,Data Analysis,Statistics,Leadership,Google Cloud,Data Scientist,2,24,Germany,Bachelor,Tier 1
279,Ph.D,Data Science,Python,Data Analysis,Leadership,Google Cloud,Data Scientist,7,32,Remote,Diploma,Tier 2
280,MCA,Computer Science,Cloud,Python,Research,Azure,Cloud Engineer,10,32,UK,Bachelor,Tier 2
281,MCA,Data Science,Data Analysis,Pandas,Communication,None,Data Scientist,15,36,UK,Master,Tier 3
282,BBA,Sales,Excel,Leadership,Communication,None,Sales Manager,1,22,Canada,Master,Tier 3
283,B.Tech,Mechanical,Project Mgmt,Design,SQL,None,Mechanical Engineer,11,35,India,Master,Tier 2
284,BBA,Sales,Leadership,CRM,Communication,None,Sales Manager,15,36,UK,Bachelor,Tier 1
285,B.Tech,Electrical,PLC,MATLAB,Python,None,Electrical Engineer,1,22,Canada,Bachelor,Tier 2
286,M.Tech,Electrical,Proteus,PLC,HTML/CSS,None,Electrical Engineer,0,23,Canada,Bachelor,Tier 1
287,M.Tech,Data Science,SQL,ETL,Python,None,Data Engineer,5,28,India,Diploma,Tier 2
288,B.Tech,Design,Prototyping,UI/UX,Leadership,None,UI/UX Designer,4,29,India,Master,Tier 3
289,M.Tech,Management,Project Management,Risk Mgmt,HTML/CSS,Scrum,Project Manager,2,24,Australia,PhD,Tier 2
290,M.Tech,Data Science,ETL,Airflow,Research,AWS,Data Engineer,13,37,Germany,Master,Tier 1
291,MBA,Sales,Excel,CRM,Project Management,None,Sales Manager,9,29,USA,Bachelor,Tier 1
292,B.Tech,Electrical,Circuits,Design,Research,None,Electrical Engineer,7,29,UK,Bachelor,Tier 3
293,MBA,Sales,CRM,Leadership,Python,None,Sales Manager,2,27,Australia,Master,Tier 3
294,M.Sc,Biotech,Research,PCR,Excel,None,Biotech Researcher,11,30,Remote,Bachelor,Tier 1
295,B.Tech,Data Science,Spark,Airflow,Communication,None,Data Engineer,12,34,Australia,Bachelor,Tier 1
296,B.Tech,Mechanical,Design,MATLAB,Communication,None,Mechanical Engineer,13,34,Germany,Bachelor,Tier 2
297,M.Tech,Data Science,SQL,Pandas,Data Analysis,None,Data Scientist,7,26,Germany,Diploma,Tier 3
298,B.Tech,Business,SQL,Data Analysis,Data Analysis,None,Business Analyst,2,24,Canada,PhD,Tier 3
299,MA,Media,Communication,Content Strategy,Excel,None,Content Writer,0,24,Australia,Bachelor,Tier 3
300,B.Tech,Electrical,PLC,MATLAB,SQL,None,Electrical Engineer,13,38,Canada,Master,Tier 3
301,B.Sc,Biotech,Documentation,Biology,Excel,None,Biotech Researcher,9,34,Germany,Bachelor,Tier 1
302,MBA,Operations,Supply Chain,ERP,Leadership,None,Operations Manager,5,27,India,Bachelor,Tier 1
303,B.Tech,Civil,Surveying,Construction,Communication,None,Civil Engineer,12,34,Germany,Master,Tier 2
304,BBA,Marketing,SEO,Analytics,Leadership,None,Marketing Specialist,2,27,UK,Master,Tier 2
305,B.Tech,Mechanical,SolidWorks,MATLAB,Leadership,None,Mechanical Engineer,7,31,UK,Diploma,Tier 3
306,MBA,Operations,Analytics,Supply Chain,Leadership,None,Operations Manager,2,27,Germany,Bachelor,Tier 3
307,MBA,Operations,Leadership,Analytics,Research,None,Operations Manager,4,29,Canada,Bachelor,Tier 3
308,M.Tech,Security,Incident Response,Network,Communication,None,Security Analyst,2,22,Germany,Bachelor,Tier 2
309,M.Tech,Civil,Design,Surveying,Project Management,None,Civil Engineer,11,32,UK,Bachelor,Tier 2
310,MBA,Operations,Supply Chain,Excel,HTML/CSS,None,Operations Manager,7,26,UK,PhD,Tier 2
311,MBA,Business,Communication,Negotiation,Excel,None,Business Development Manager,5,24,UK,Master,Tier 2
312,B.Tech,Data Science,Spark,SQL,HTML/CSS,None,Data Engineer,1,22,India,Bachelor,Tier 3
313,Ph.D,Biotech,Biology,PCR,HTML/CSS,None,Biotech Researcher,6,28,UK,Master,Tier 2
314,B.Tech,Data Science,Python,Data Analysis,HTML/CSS,Google Cloud,Data Analyst,2,24,India,Bachelor,Tier 1
315,B.Tech,Management,Scrum,Leadership,Research,PMP,Scrum Master,6,27,Australia,Bachelor,Tier 2
316,B.Tech,Civil,Construction,AutoCAD,Data Analysis,None,Civil Engineer,13,35,India,Master,Tier 3
317,BBA,Sales,Strategy,Communication,Leadership,None,Sales Manager,0,24,USA,Master,Tier 2
318,B.Com,Data Science,PowerBI,Data Analysis,Leadership,None,Data Analyst,6,31,UK,Master,Tier 3
319,Ph.D,Data Science,Machine Learning,Python,Data Analysis,None,Machine Learning Engineer,12,36,India,Diploma,Tier 3
320,MBA,Business,UML,Data Analysis,Python,None,Business Analyst,9,28,USA,Bachelor,Tier 2
321,B.Tech,Electrical,PLC,Design,Data Analysis,None,Electrical Engineer,1,25,Germany,Master,Tier 2
322,M.Tech,Chemical,MATLAB,Chemistry,Data Analysis,None,Chemical Engineer,0,24,UK,Bachelor,Tier 2
323,B.Com,Marketing,SEO,Analytics,Communication,None,Marketing Specialist,6,29,Australia,Master,Tier 2
324,B.Tech,Chemical,Chemistry,Safety,Project Management,None,Chemical Engineer,15,38,UK,Bachelor,Tier 3
325,BBA,Sales,Excel,Strategy,HTML/CSS,None,Sales Manager,9,32,Remote,Bachelor,Tier 1
326,B.Tech,Electrical,Design,Circuits,Communication,None,Electrical Engineer,12,35,UK,Bachelor,Tier 3
327,M.Tech,Mechanical,Project Mgmt,MATLAB,Research,None,Mechanical Engineer,4,27,Germany,Master,Tier 2
328,M.Tech,Chemical,Excel,Simulation,Python,None,Chemical Engineer,9,27,India,Master,Tier 2
329,B.Tech,Electrical,Power Systems,Design,Excel,None,Electrical Engineer,13,37,USA,Bachelor,Tier 3
330,M.Tech,Computer Science,Cloud,Docker,Excel,Google Cloud,Cloud Engineer,11,29,USA,PhD,Tier 3
331,MBA,Sales,Negotiation,Communication,Excel,None,Sales Manager,6,24,Canada,Bachelor,Tier 1
332,B.Com,Data Science,Data Analysis,PowerBI,Communication,None,Data Analyst,1,24,Australia,Bachelor,Tier 2
333,B.Tech,Data Science,Tableau,PowerBI,Python,AWS,Data Analyst,1,25,India,Master,Tier 2
334,M.Tech,Electrical,Power Systems,Design,Excel,None,Electrical Engineer,0,21,Australia,Bachelor,Tier 2
335,MBA,Business,Strategy,Excel,Leadership,None,Business Development Manager,3,24,India,Master,Tier 2
336,MBA,Marketing,Social Media,Marketing,Leadership,None,Marketing Specialist,6,28,Remote,Bachelor,Tier 2
337,BBA,Business,Sales,Negotiation,Python,None,Business Development Manager,13,31,USA,Diploma,Tier 2
338,B.Com,Marketing,Excel,SEO,Project Management,None,Marketing Specialist,6,31,UK,Bachelor,Tier 1
339,B.Tech,Mechanical,Project Mgmt,MATLAB,Project Management,None,Mechanical Engineer,2,22,Remote,Bachelor,Tier 2
340,MCA,Data Science,SQL,Data Analysis,Project Management,AWS,Data Scientist,8,28,Germany,PhD,Tier 2
341,B.Tech,Operations,Leadership,Operations,Research,None,Operations Manager,9,30,Remote,Master,Tier 2
342,M.Sc,Biotech,Documentation,PCR,SQL,None,Biotech Researcher,3,22,Remote,Master,Tier 1
343,B.Tech,Operations,Excel,Supply Chain,Project Management,None,Supply Chain Manager,4,28,Australia,Bachelor,Tier 2
344,M.Tech,Management,Risk Mgmt,PMP Skills,Project Management,Scrum,Project Manager,8,31,Australia,Master,Tier 3
345,B.Tech,Operations,Supply Chain,Leadership,Excel,None,Operations Manager,5,24,USA,Master,Tier 1
346,B.Sc,Biotech,Biology,Lab Techniques,HTML/CSS,None,Biotech Researcher,5,24,Germany,PhD,Tier 2
347,B.Sc,Biotech,Lab Techniques,PCR,Research,None,Biotech Researcher,0,25,Remote,Master,Tier 3
348,MBA,Business,Communication,Stakeholder Mgmt,Leadership,PMP,Business Analyst,3,25,Australia,Master,Tier 2
349,M.Tech,Management,Project Management,PMP Skills,Communication,PMP,Project Manager,1,21,Australia,PhD,Tier 2
350,B.Tech,Management,Scrum,Facilitation,Excel,Scrum,Scrum Master,15,35,Remote,Bachelor,Tier 3
351,BBA,Marketing,Marketing,Excel,HTML/CSS,Google Cloud,Marketing Specialist,7,32,Australia,Bachelor,Tier 3
352,Ph.D,Data Science,Pandas,Data Analysis,Communication,None,Data Scientist,15,35,UK,Bachelor,Tier 2
353,M.Tech,Data Science,Hadoop,Spark,Data Analysis,Google Cloud,Data Engineer,0,21,Germany,Bachelor,Tier 2
354,Ph.D,Biotech,Data Analysis,Biology,HTML/CSS,None,Biotech Researcher,9,33,Canada,Bachelor,Tier 2
355,B.Tech,Chemical,Safety,Process Design,Python,None,Chemical Engineer,10,31,Remote,Diploma,Tier 2
356,MBA,Marketing,Social Media,Excel,Communication,Google Cloud,Marketing Specialist,11,33,India,Diploma,Tier 2
357,B.Tech,Chemical,Safety,MATLAB,Research,None,Chemical Engineer,9,33,Canada,Bachelor,Tier 1
358,MCA,Data Science,SQL,Statistics,Project Management,Google Cloud,Data Scientist,5,30,USA,Master,Tier 3
359,BBA,Sales,Negotiation,Leadership,SQL,None,Sales Manager,12,30,Germany,Master,Tier 1
360,BBA,Marketing,Communication,Analytics,HTML/CSS,None,Marketing Specialist,4,26,India,Bachelor,Tier 1
361,B.Tech,Chemical,Simulation,MATLAB,HTML/CSS,None,Chemical Engineer,13,36,Germany,PhD,Tier 3
362,B.Com,Marketing,Excel,Marketing,Python,Google Cloud,Marketing Specialist,5,25,Australia,Master,Tier 1
363,B.Tech,Operations,Leadership,Operations,Research,None,Operations Manager,9,33,Remote,Bachelor,Tier 3
364,MBA,Sales,Strategy,Communication,Research,None,Sales Manager,11,36,USA,PhD,Tier 2
365,B.Tech,Data Science,Data Analysis,PowerBI,HTML/CSS,None,Data Analyst,15,37,Canada,PhD,Tier 3
366,BBA,Marketing,SEO,Analytics,Project Management,Google Cloud,Marketing Specialist,5,27,Australia,Bachelor,Tier 3
367,M.Tech,Mechanical,MATLAB,Project Mgmt,Data Analysis,None,Mechanical Engineer,9,28,Remote,Bachelor,Tier 2
368,M.Tech,Mechanical,MATLAB,SolidWorks,Communication,None,Mechanical Engineer,7,32,Germany,Bachelor,Tier 3
369,BBA,Sales,Strategy,Leadership,Project Management,None,Sales Manager,10,34,India,Diploma,Tier 2
370,B.Tech,Electrical,PLC,Power Systems,Research,None,Electrical Engineer,6,27,UK,Bachelor,Tier 3
371,M.Tech,Civil,Design,Excel,Data Analysis,None,Civil Engineer,2,23,USA,Master,Tier 1
372,B.Tech,Business,UML,Stakeholder Mgmt,HTML/CSS,None,Business Analyst,1,24,UK,Bachelor,Tier 1
373,M.Tech,Electrical,Power Systems,Circuits,Excel,None,Electrical Engineer,1,22,UK,Bachelor,Tier 3
374,B.Com,Business,UML,Excel,Data Analysis,None,Business Analyst,10,34,USA,PhD,Tier 2
375,MBA,Operations,Leadership,Operations,Python,None,Operations Manager,5,29,Canada,Bachelor,Tier 1
376,MBA,Sales,Strategy,Leadership,Project Management,None,Sales Manager,0,21,Australia,Bachelor,Tier 2
377,MBA,Finance,Financial Modeling,SQL,SQL,None,Financial Analyst,11,34,Remote,Bachelor,Tier 2
378,BBA,HR,Payroll,Communication,Python,None,HR Manager,5,23,Australia,Diploma,Tier 2
379,M.Sc,Biotech,Lab Techniques,PCR,Excel,None,Biotech Researcher,6,30,Remote,Bachelor,Tier 2
380,B.Tech,Computer Science,Docker,Cloud,Project Management,Azure,Cloud Engineer,13,37,Remote,PhD,Tier 3
381,B.Tech,Civil,AutoCAD,Construction,Communication,None,Civil Engineer,4,23,Germany,Master,Tier 1
382,MBA,Marketing,SEO,Excel,Data Analysis,None,Marketing Specialist,2,22,USA,Master,Tier 2
383,Ph.D,Biotech,Research,Documentation,Data Analysis,None,Biotech Researcher,0,25,India,Master,Tier 2
384,B.Tech,Data Science,Hadoop,Airflow,Communication,None,Data Engineer,2,24,Canada,Bachelor,Tier 3
385,B.Tech,Civil,Surveying,Design,SQL,None,Civil Engineer,7,26,Australia,Bachelor,Tier 3
386,B.Tech,Civil,Surveying,Excel,Python,None,Civil Engineer,2,24,USA,Master,Tier 3
387,M.Tech,Mechanical,Design,Project Mgmt,Communication,None,Mechanical Engineer,1,25,Germany,Master,Tier 1
388,B.Tech,Data Science,Airflow,Spark,Python,Google Cloud,Data Engineer,2,24,India,Bachelor,Tier 2
389,MBA,Operations,Supply Chain,Leadership,Python,None,Operations Manager,13,31,Remote,Bachelor,Tier 2
390,B.Tech,Electrical,Networking,TCP/IP,Communication,CCNA,Network Engineer,2,27,India,Master,Tier 3
391,BBA,HR,Labor Laws,Communication,Research,None,HR Manager,0,25,Canada,Bachelor,Tier 2
392,B.Tech,Civil,Surveying,AutoCAD,Project Management,None,Civil Engineer,15,38,Remote,Bachelor,Tier 2
393,M.Tech,Data Science,Python,SQL,Excel,None,Data Engineer,8,29,Canada,Bachelor,Tier 1
394,M.Tech,Data Science,SQL,Python,Communication,AWS,Data Engineer,8,31,USA,Bachelor,Tier 2
395,B.Tech,Security,Linux,Network,Research,None,Security Analyst,3,27,USA,Bachelor,Tier 2
396,M.Tech,Electrical,Circuits,Proteus,Leadership,None,Electrical Engineer,5,25,Australia,Bachelor,Tier 3
397,BBA,Sales,Excel,Strategy,Project Management,None,Sales Manager,4,23,USA,Bachelor,Tier 1
398,MBA,Marketing,Marketing,Analytics,Python,None,Marketing Specialist,12,36,Canada,Master,Tier 3
399,MBA,HR,Communication,Leadership,Data Analysis,None,HR Manager,1,25,Canada,Master,Tier 1
400,M.Sc,Data Science,Machine Learning,Statistics,Python,Google Cloud,Data Scientist,13,35,Germany,Bachelor,Tier 1
401,B.Tech,Mechanical,Thermodynamics,MATLAB,SQL,None,Mechanical Engineer,11,35,Remote,Master,Tier 3
402,B.Tech,Security,Security,SIEM,Communication,CCNA,Security Analyst,2,24,Canada,Master,Tier 2
403,B.Com,Business,Data Analysis,UML,Leadership,PMP,Business Analyst,3,26,India,Bachelor,Tier 2
404,MA,Media,Research,Content Strategy,Excel,None,Content Writer,10,32,UK,Bachelor,Tier 2
405,B.Tech,Civil,Project Management,Excel,Research,None,Civil Engineer,8,31,Remote,Bachelor,Tier 2
406,MBA,Business,Communication,Strategy,Leadership,None,Business Development Manager,9,34,UK,Master,Tier 2
407,MBA,Operations,Planning,Supply Chain,Communication,None,Supply Chain Manager,14,39,USA,Bachelor,Tier 2
408,M.Tech,Electrical,Proteus,Power Systems,HTML/CSS,None,Electrical Engineer,10,34,Canada,Master,Tier 3
409,MCA,Data Science,SQL,Airflow,Excel,None,Data Engineer,4,26,Canada,Bachelor,Tier 1
410,MBA,Management,Agile,Scrum,SQL,PMP,Scrum Master,1,22,Australia,Bachelor,Tier 1
411,Ph.D,Data Science,Statistics,Data Analysis,Project Management,AWS,Data Scientist,9,28,India,Master,Tier 2
412,M.Tech,Security,Linux,Python,Research,None,Security Analyst,11,36,Germany,Bachelor,Tier 2
413,M.Tech,Electrical,Networking,CCNA,Leadership,CCNA,Network Engineer,0,21,India,Bachelor,Tier 3
414,MBA,Marketing,Marketing,Communication,Communication,None,Marketing Specialist,6,31,Germany,Bachelor,Tier 2
415,B.Tech,Operations,Analytics,Leadership,SQL,None,Operations Manager,13,35,India,Bachelor,Tier 2
416,M.Tech,Data Science,Pandas,Data Analysis,SQL,None,Data Scientist,0,23,USA,Bachelor,Tier 2
417,M.Tech,Data Science,Python,Data Analysis,Communication,None,Data Scientist,11,29,Canada,Bachelor,Tier 3
418,M.Sc,Data Science,Data Analysis,Python,Excel,AWS,Data Scientist,15,37,India,Master,Tier 2
419,Ph.D,Data Science,Pandas,Data Analysis,Python,None,Data Scientist,8,32,USA,PhD,Tier 3
420,B.Com,Marketing,SEO,Analytics,Python,None,Marketing Specialist,8,31,USA,Master,Tier 1
421,M.Tech,Mechanical,Thermodynamics,MATLAB,Research,None,Mechanical Engineer,13,34,Canada,Diploma,Tier 2
422,MBA,Marketing,Excel,Analytics,Leadership,None,Marketing Specialist,5,30,India,Master,Tier 2
423,MBA,HR,Leadership,Excel,Data Analysis,None,HR Manager,10,31,Canada,Master,Tier 1
424,B.Sc,Biotech,Research,Lab Techniques,Communication,None,Biotech Researcher,8,28,UK,Bachelor,Tier 2
425,M.Tech,Chemical,MATLAB,Simulation,Excel,None,Chemical Engineer,4,27,Australia,Bachelor,Tier 1
426,B.Tech,Data Science,ETL,Hadoop,HTML/CSS,None,Data Engineer,8,28,Canada,Bachelor,Tier 2
427,B.Tech,Mechanical,Project Mgmt,MATLAB,Excel,None,Mechanical Engineer,5,29,Germany,Bachelor,Tier 3
428,BA,Media,SEO,Content Strategy,Project Management,None,Content Writer,8,32,Remote,Master,Tier 2
429,MBA,Design,HTML/CSS,UI/UX,Leadership,None,UI/UX Designer,10,30,UK,Bachelor,Tier 2
430,M.Tech,Data Science,PyTorch,Machine Learning,Research,None,Machine Learning Engineer,8,30,India,Bachelor,Tier 2
431,B.Tech,Security,Incident Response,Python,Leadership,None,Security Analyst,15,40,Australia,Bachelor,Tier 1
432,M.Tech,Civil,Surveying,Design,Excel,None,Civil Engineer,9,32,Australia,PhD,Tier 3
433,B.Tech,Electrical,MATLAB,Design,Python,None,Electrical Engineer,10,32,Australia,Master,Tier 2
434,B.Tech,Civil,Project Management,Excel,Python,None,Civil Engineer,2,22,USA,Bachelor,Tier 2
435,B.Tech,Electrical,Power Systems,MATLAB,Research,None,Electrical Engineer,14,33,Australia,Bachelor,Tier 3
436,MBA,Business,Strategy,Excel,SQL,None,Business Development Manager,5,29,India,Diploma,Tier 3
437,MBA,Business,Strategy,Excel,HTML/CSS,None,Business Development Manager,15,36,India,Diploma,Tier 2
438,MBA,Business,Communication,Negotiation,HTML/CSS,None,Business Development Manager,2,22,UK,Master,Tier 1
439,B.Tech,Computer Science,Cloud,Azure,Communication,Google Cloud,Cloud Engineer,4,24,Canada,Master,Tier 1
440,MCA,Data Science,Spark,Python,Excel,AWS,Data Engineer,11,33,Canada,Bachelor,Tier 1
441,B.Tech,Operations,Operations,ERP,Data Analysis,None,Operations Manager,9,30,Germany,Bachelor,Tier 2
442,M.Tech,Chemical,Simulation,Chemistry,Research,None,Chemical Engineer,13,33,USA,Bachelor,Tier 3
443,BBA,Business,Communication,CRM,HTML/CSS,None,Business Development Manager,12,33,USA,Bachelor,Tier 2
444,B.Com,Business,SQL,UML,Project Management,PMP,Business Analyst,14,39,India,Bachelor,Tier 1
445,BBA,Business,Excel,Strategy,HTML/CSS,None,Business Development Manager,2,23,India,Bachelor,Tier 2
446,BA,Media,Content Strategy,Writing,Data Analysis,None,Content Writer,12,34,USA,Master,Tier 1
447,M.Tech,Chemical,Simulation,Process Design,SQL,None,Chemical Engineer,10,28,Australia,Master,Tier 3
448,M.Tech,Data Science,Hadoop,Spark,HTML/CSS,None,Data Engineer,3,24,Germany,Master,Tier 1
449,B.Tech,Chemical,Simulation,MATLAB,Leadership,None,Chemical Engineer,13,32,India,Bachelor,Tier 2
450,B.Tech,Electrical,Design,Proteus,Leadership,None,Electrical Engineer,3,25,Remote,Bachelor,Tier 3
451,MBA,Marketing,SEO,Social Media,Leadership,None,Marketing Specialist,15,39,Canada,Bachelor,Tier 3
452,Ph.D,Biotech,Data Analysis,Lab Techniques,Leadership,None,Biotech Researcher,5,24,Canada,Bachelor,Tier 2
453,M.Tech,Electrical,Proteus,Circuits,Excel,None,Electrical Engineer,4,27,UK,Bachelor,Tier 2
454,MBA,Business,Negotiation,Strategy,Excel,None,Business Development Manager,15,36,Canada,Master,Tier 2
455,M.Tech,Data Science,Spark,Hadoop,Leadership,AWS,Data Engineer,11,29,Canada,Master,Tier 1
456,MBA,Design,UI/UX,Prototyping,Data Analysis,None,UI/UX Designer,6,31,Remote,Diploma,Tier 3
457,M.Tech,Electrical,Networking,Routers,Excel,CCNA,Network Engineer,1,23,Canada,Master,Tier 3
458,MCA,Data Science,Python,Hadoop,SQL,None,Data Engineer,2,24,India,PhD,Tier 3
459,MBA,Business,SQL,Excel,Project Management,PMP,Business Analyst,3,22,Australia,Bachelor,Tier 2
460,B.Tech,Data Science,Spark,SQL,Excel,Google Cloud,Data Engineer,5,29,Canada,Bachelor,Tier 1
461,B.Tech,Security,Security,Incident Response,Research,CCNA,Security Analyst,10,35,USA,Bachelor,Tier 2
462,MBA,Marketing,Marketing,Analytics,SQL,Google Cloud,Marketing Specialist,8,30,Germany,Bachelor,Tier 2
463,BBA,HR,Leadership,Communication,Research,None,HR Manager,1,23,Canada,Diploma,Tier 1
464,B.Tech,Chemical,Process Design,Simulation,Project Management,None,Chemical Engineer,8,30,Canada,Bachelor,Tier 2
465,M.Sc,Biotech,PCR,Data Analysis,SQL,None,Biotech Researcher,12,34,Remote,Bachelor,Tier 2
466,M.Tech,Chemical,Excel,Simulation,Communication,None,Chemical Engineer,4,29,USA,Bachelor,Tier 1
467,BBA,Marketing,Marketing,Communication,Python,None,Marketing Specialist,7,27,India,Bachelor,Tier 2
468,B.Tech,Design,Prototyping,UI/UX,Data Analysis,None,UI/UX Designer,2,22,Australia,Bachelor,Tier 2
469,B.Des,Design,Graphic Design,UI/UX,Research,None,UI/UX Designer,9,27,UK,Master,Tier 3
470,B.Tech,Operations,ERP,Supply Chain,Communication,None,Supply Chain Manager,7,27,Australia,Bachelor,Tier 3
471,B.Com,Marketing,Excel,SEO,Research,Google Cloud,Marketing Specialist,4,29,Remote,Master,Tier 1
472,MBA,Business,SQL,Excel,HTML/CSS,PMP,Business Analyst,3,24,Germany,Bachelor,Tier 2
473,B.Tech,Data Science,PowerBI,Data Analysis,Project Management,None,Data Analyst,15,37,Australia,PhD,Tier 2
474,B.Tech,Data Science,SQL,Spark,Project Management,Google Cloud,Data Engineer,0,24,Canada,PhD,Tier 2
475,MBA,Data Science,Tableau,SQL,Leadership,None,Data Analyst,10,33,Remote,Bachelor,Tier 1
476,Ph.D,Biotech,PCR,Biology,Excel,None,Biotech Researcher,6,31,Canada,PhD,Tier 1
477,MBA,Management,Project Management,Risk Mgmt,HTML/CSS,PMP,Project Manager,7,32,UK,Bachelor,Tier 2
478,B.Tech,Operations,Supply Chain,Excel,Communication,None,Operations Manager,4,23,Australia,Bachelor,Tier 3
479,B.Tech,Operations,Analytics,ERP,Project Management,None,Operations Manager,7,30,USA,Bachelor,Tier 2
480,B.Com,Data Science,Excel,Python,Project Management,None,Data Analyst,4,27,Canada,Master,Tier 2
481,MBA,Business,UML,Data Analysis,Communication,PMP,Business Analyst,4,26,Remote,Bachelor,Tier 3
482,MBA,Marketing,Analytics,Marketing,Python,None,Marketing Specialist,8,27,Remote,Bachelor,Tier 1
483,B.Tech,Civil,AutoCAD,Surveying,Excel,None,Civil Engineer,5,26,USA,Diploma,Tier 3
484,BBA,Business,CRM,Strategy,Project Management,None,Business Development Manager,6,27,India,Bachelor,Tier 3
485,B.Com,Data Science,Data Analysis,Python,Leadership,None,Data Analyst,14,37,Germany,Master,Tier 3
486,MBA,Sales,Communication,Leadership,Research,None,Sales Manager,7,30,Germany,Master,Tier 2
487,BBA,Marketing,SEO,Social Media,Data Analysis,None,Marketing Specialist,1,25,India,Bachelor,Tier 3
488,MBA,Business,SQL,Communication,Project Management,PMP,Business Analyst,1,22,Canada,Bachelor,Tier 3
489,B.Com,Marketing,Analytics,Excel,Python,None,Marketing Specialist,1,25,Germany,Bachelor,Tier 2
490,MBA,Operations,Supply Chain,Leadership,Project Management,None,Operations Manager,4,26,Germany,Bachelor,Tier 1
491,B.Com,Data Science,Tableau,Python,Data Analysis,Google Cloud,Data Analyst,14,37,Australia,Master,Tier 3
492,MBA,Business,Excel,UML,Project Management,None,Business Analyst,2,24,UK,Master,Tier 3
493,B.Com,Marketing,SEO,Marketing,Leadership,None,Marketing Specialist,5,24,India,Bachelor,Tier 2
494,B.Tech,Business,Stakeholder Mgmt,Communication,Python,None,Business Analyst,10,35,Remote,Master,Tier 1
495,B.Tech,Security,Network,Python,Research,None,Security Analyst,4,24,Remote,Master,Tier 2
496,B.Tech,Operations,Supply Chain,Excel,Project Management,None,Supply Chain Manager,4,24,India,Master,Tier 2
497,B.Com,Finance,Financial Modeling,Excel,Communication,None,Financial Analyst,14,35,Remote,Bachelor,Tier 3
498,B.Tech,Operations,Analytics,Leadership,SQL,None,Operations Manager,8,33,Remote,Master,Tier 1
499,MBA,Sales,Negotiation,CRM,Communication,None,Sales Manager,4,23,Australia,Bachelor,Tier 1
500,B.Tech,Design,HTML/CSS,UI/UX,Research,None,UI/UX Designer,2,22,India,Bachelor,Tier 1
501,BBA,Business,Negotiation,Strategy,SQL,None,Business Development Manager,5,30,Australia,Bachelor,Tier 3
502,B.Sc,Biotech,PCR,Biology,Data Analysis,None,Biotech Researcher,2,24,UK,Bachelor,Tier 2
503,MBA,HR,Leadership,Payroll,Excel,None,HR Manager,2,25,Remote,Bachelor,Tier 2
504,B.Tech,Data Science,Python,Airflow,Communication,None,Data Engineer,4,23,Australia,Master,Tier 2
505,B.Com,Business,SQL,UML,SQL,None,Business Analyst,2,25,Australia,Master,Tier 3
506,B.Tech,Civil,Surveying,AutoCAD,Data Analysis,None,Civil Engineer,9,31,Canada,Master,Tier 2
507,B.Tech,Security,Linux,Network,Excel,None,Security Analyst,15,35,Remote,Bachelor,Tier 2
508,MA,Media,Communication,Content Strategy,Excel,None,Content Writer,13,33,India,Bachelor,Tier 2
509,MCA,Data Science,Data Analysis,SQL,Python,Google Cloud,Data Scientist,2,24,UK,Bachelor,Tier 2
510,B.Sc,Biotech,Lab Techniques,PCR,Python,None,Biotech Researcher,0,21,Australia,Bachelor,Tier 2
511,MCA,Data Science,Pandas,Python,Data Analysis,AWS,Data Scientist,15,35,Remote,Diploma,Tier 1
512,B.Tech,Civil,Construction,Design,Data Analysis,None,Civil Engineer,4,28,Germany,Master,Tier 2
513,B.Com,Data Science,SQL,Data Analysis,Project Management,None,Data Analyst,10,33,Remote,Master,Tier 3
514,M.Tech,Data Science,Statistics,Machine Learning,Excel,None,Data Scientist,1,25,UK,Bachelor,Tier 2
515,B.Tech,Chemical,Excel,Process Design,Research,None,Chemical Engineer,0,22,Canada,Master,Tier 3
516,B.Tech,Civil,Excel,Construction,Leadership,None,Civil Engineer,9,30,Australia,Diploma,Tier 2
517,MBA,Design,Figma,UI/UX,Leadership,None,UI/UX Designer,6,25,Germany,Bachelor,Tier 3
518,B.Tech,Security,Python,Incident Response,SQL,None,Security Analyst,4,24,UK,PhD,Tier 3
519,BBA,Business,Excel,Negotiation,SQL,None,Business Development Manager,9,30,USA,Master,Tier 1
520,M.Tech,Civil,Design,AutoCAD,SQL,None,Civil Engineer,4,24,Australia,Diploma,Tier 2
521,MBA,Management,Excel,Project Management,Python,Scrum,Project Manager,3,22,UK,PhD,Tier 2
522,MBA,Business,UML,SQL,HTML/CSS,None,Business Analyst,2,24,Germany,Master,Tier 1
523,B.Tech,Mechanical,Project Mgmt,Design,Data Analysis,None,Mechanical Engineer,6,29,USA,Bachelor,Tier 2
524,B.Tech,Data Science,Excel,PowerBI,Data Analysis,AWS,Data Analyst,8,26,India,PhD,Tier 2
525,MBA,Data Science,SQL,Data Analysis,Research,AWS,Data Analyst,2,24,Canada,Master,Tier 2
526,M.Tech,Civil,Construction,Surveying,Python,None,Civil Engineer,3,25,India,Diploma,Tier 2
527,MCA,Data Science,SQL,Hadoop,Project Management,Google Cloud,Data Engineer,3,24,Germany,Bachelor,Tier 1
528,MCA,Data Science,Pandas,Python,Communication,None,Data Scientist,11,35,Canada,Bachelor,Tier 1
529,M.Tech,Data Science,Python,Airflow,SQL,AWS,Data Engineer,7,26,Australia,Master,Tier 3
530,B.Tech,Civil,AutoCAD,Design,SQL,None,Civil Engineer,12,32,Germany,Master,Tier 1
531,B.Com,Business,Communication,UML,SQL,None,Business Analyst,6,26,Canada,PhD,Tier 2
532,MCA,Computer Science,Cloud,Docker,Python,Azure,Cloud Engineer,12,36,Canada,Bachelor,Tier 2
533,M.Tech,Electrical,MATLAB,Circuits,Python,None,Electrical Engineer,10,30,Canada,Master,Tier 2
534,B.Com,Data Science,Tableau,Excel,Python,AWS,Data Analyst,3,28,UK,Master,Tier 2
535,M.Tech,Data Science,Python,Machine Learning,Communication,None,Machine Learning Engineer,12,37,UK,Master,Tier 2
536,M.Tech,Electrical,Design,Proteus,SQL,None,Electrical Engineer,6,30,Remote,PhD,Tier 3
537,B.Com,Marketing,Excel,Analytics,Data Analysis,Google Cloud,Marketing Specialist,2,27,India,Bachelor,Tier 3
538,Ph.D,Biotech,Biology,Research,Communication,None,Biotech Researcher,14,39,Canada,PhD,Tier 2
539,B.Tech,Chemical,MATLAB,Chemistry,Leadership,None,Chemical Engineer,3,26,Germany,PhD,Tier 1
540,B.Tech,Operations,ERP,Excel,Project Management,None,Operations Manager,8,32,Canada,Diploma,Tier 3
541,B.Com,Marketing,Excel,SEO,SQL,Google Cloud,Marketing Specialist,2,27,Australia,Bachelor,Tier 2
542,MBA,Operations,Supply Chain,Leadership,HTML/CSS,None,Operations Manager,15,37,Australia,Bachelor,Tier 2
543,Ph.D,Data Science,Data Analysis,Pandas,Project Management,Google Cloud,Data Scientist,9,34,UK,Diploma,Tier 2
544,B.Com,Data Science,Excel,SQL,Leadership,None,Data Analyst,15,40,Germany,Master,Tier 2
545,MBA,Business,Negotiation,Excel,Project Management,None,Business Development Manager,14,39,Australia,Bachelor,Tier 2
546,MBA,Operations,Analytics,ERP,HTML/CSS,None,Operations Manager,1,22,Germany,Bachelor,Tier 2
547,MBA,Business,Communication,SQL,Project Management,None,Business Analyst,7,30,Australia,Master,Tier 2
548,B.Tech,Mechanical,CAD,Design,Project Management,None,Mechanical Engineer,1,21,Canada,Master,Tier 3
549,MCA,Data Science,Statistics,SQL,Leadership,AWS,Data Scientist,13,36,Australia,Master,Tier 2
550,M.Tech,Mechanical,Design,Thermodynamics,Communication,None,Mechanical Engineer,14,33,USA,Master,Tier 2
551,MBA,Sales,CRM,Excel,Project Management,None,Sales Manager,6,25,Australia,PhD,Tier 1
552,B.Tech,Security,Security,Linux,Research,None,Security Analyst,2,27,Germany,PhD,Tier 2
553,B.Tech,Electrical,Switches,Networking,Communication,CCNA,Network Engineer,13,38,Australia,Master,Tier 2
554,M.Sc,Data Science,Data Analysis,SQL,Communication,None,Data Scientist,5,24,UK,Master,Tier 2
555,MCA,Data Science,SQL,Machine Learning,Research,None,Data Scientist,8,26,India,Diploma,Tier 2
556,B.Tech,Chemical,Process Design,Chemistry,Communication,None,Chemical Engineer,0,21,Australia,Bachelor,Tier 1
557,B.Tech,Chemical,Safety,Chemistry,Research,None,Chemical Engineer,10,32,Canada,Diploma,Tier 3
558,M.Tech,Mechanical,MATLAB,CAD,Leadership,None,Mechanical Engineer,2,24,Canada,Master,Tier 2
559,M.Tech,Data Science,SQL,Machine Learning,Research,Google Cloud,Data Scientist,9,32,Canada,PhD,Tier 3
560,MBA,Sales,Excel,Communication,Research,None,Sales Manager,1,24,India,Bachelor,Tier 2
561,MBA,Marketing,Excel,Communication,Research,None,Marketing Specialist,7,25,India,Master,Tier 2
562,B.Tech,Data Science,Python,Data Analysis,Excel,Google Cloud,Data Analyst,0,24,Canada,Diploma,Tier 3
563,M.Tech,Data Science,Python,ETL,Project Management,AWS,Data Engineer,4,23,USA,Master,Tier 3
564,M.Tech,Data Science,TensorFlow,Machine Learning,Excel,Google Cloud,Machine Learning Engineer,3,22,Germany,Bachelor,Tier 2
565,B.Tech,Electrical,Networking,Switches,Communication,CCNA,Network Engineer,2,23,Germany,Bachelor,Tier 3
566,B.Tech,Data Science,Tableau,PowerBI,Leadership,AWS,Data Analyst,12,32,India,PhD,Tier 2
567,M.Tech,Mechanical,Design,Thermodynamics,Python,None,Mechanical Engineer,4,25,Remote,PhD,Tier 2
568,MBA,Management,Risk Mgmt,Project Management,HTML/CSS,PMP,Project Manager,1,25,USA,Bachelor,Tier 1
569,Ph.D,Data Science,Data Analysis,SQL,Excel,None,Data Scientist,4,29,Germany,Bachelor,Tier 2
570,B.Tech,Operations,Leadership,Excel,Data Analysis,None,Operations Manager,2,27,Australia,Bachelor,Tier 2
571,B.Tech,Operations,Supply Chain,Analytics,SQL,None,Supply Chain Manager,14,34,USA,PhD,Tier 2
572,MBA,Business,Communication,Excel,Leadership,PMP,Business Analyst,15,35,USA,Bachelor,Tier 3
573,B.Com,Business,Excel,Stakeholder Mgmt,Communication,PMP,Business Analyst,3,27,India,PhD,Tier 1
574,Ph.D,Data Science,TensorFlow,Machine Learning,Communication,None,Machine Learning Engineer,0,24,Canada,Bachelor,Tier 3
575,BBA,HR,Labor Laws,Leadership,Python,None,HR Manager,14,37,Canada,Bachelor,Tier 1
576,MBA,Data Science,Tableau,Python,Data Analysis,AWS,Data Analyst,7,30,Remote,Bachelor,Tier 3
577,MCA,Data Science,Pandas,Data Analysis,Leadership,Google Cloud,Data Scientist,2,25,Canada,Bachelor,Tier 3
578,BBA,Marketing,SEO,Analytics,Communication,Google Cloud,Marketing Specialist,4,24,Canada,Bachelor,Tier 2
579,B.Tech,Business,Data Analysis,Excel,Research,None,Business Analyst,8,28,UK,Bachelor,Tier 2
580,B.Com,Business,UML,Excel,SQL,PMP,Business Analyst,5,25,Canada,PhD,Tier 3
581,BBA,Marketing,Analytics,Social Media,Leadership,Google Cloud,Marketing Specialist,2,25,Remote,Bachelor,Tier 3
582,MCA,Data Science,Python,Pandas,Data Analysis,Google Cloud,Data Scientist,7,26,Canada,Master,Tier 2
583,MCA,Computer Science,Python,Cloud,HTML/CSS,Azure,Cloud Engineer,1,21,Germany,Master,Tier 2
584,B.Tech,Electrical,Design,Power Systems,Communication,None,Electrical Engineer,13,35,Germany,Bachelor,Tier 3
585,M.Tech,Data Science,Python,Statistics,SQL,AWS,Data Scientist,0,24,USA,Bachelor,Tier 2
586,B.Tech,Chemical,Chemistry,Safety,Python,None,Chemical Engineer,2,22,Germany,Master,Tier 1
587,B.Com,Finance,Accounting,Financial Modeling,Research,CFA,Financial Analyst,14,37,Australia,Bachelor,Tier 3
588,M.Tech,Security,SIEM,Python,SQL,None,Security Analyst,11,36,Germany,Master,Tier 1
589,MBA,Business,UML,SQL,Excel,None,Business Analyst,6,25,Canada,Master,Tier 3
590,B.Tech,Operations,Leadership,Supply Chain,HTML/CSS,None,Operations Manager,1,25,Australia,Bachelor,Tier 1
591,Ph.D,Biotech,Lab Techniques,Biology,HTML/CSS,None,Biotech Researcher,5,24,Canada,Master,Tier 2
592,MBA,HR,Labor Laws,Payroll,Research,None,HR Manager,10,29,Canada,Bachelor,Tier 2
593,BBA,HR,Leadership,Labor Laws,Python,None,HR Manager,6,27,UK,Bachelor,Tier 2
594,MBA,Management,JIRA,Scrum,Python,Scrum,Scrum Master,9,32,Canada,Bachelor,Tier 2
595,M.Tech,Electrical,Networking,Linux,Research,CCNA,Network Engineer,2,23,Germany,Diploma,Tier 2
596,MBA,HR,Recruitment,Leadership,Project Management,None,HR Manager,5,27,India,Bachelor,Tier 2
597,M.Tech,Security,Python,Incident Response,Data Analysis,CCNA,Security Analyst,4,26,USA,Master,Tier 2
598,Ph.D,Biotech,Lab Techniques,Documentation,SQL,None,Biotech Researcher,0,23,USA,Diploma,Tier 3
599,B.Tech,Civil,Project Management,Surveying,HTML/CSS,None,Civil Engineer,7,32,Australia,Bachelor,Tier 2
600,M.Tech,Chemical,Excel,Simulation,Research,None,Chemical Engineer,10,33,Canada,Master,Tier 2
601,B.Sc,Biotech,PCR,Lab Techniques,Data Analysis,None,Biotech Researcher,9,27,Remote,Bachelor,Tier 2
602,BBA,Business,Strategy,Negotiation,Excel,None,Business Development Manager,5,25,Australia,Bachelor,Tier 1
603,M.Tech,Management,PMP Skills,Project Management,Python,Scrum,Project Manager,11,33,Canada,PhD,Tier 2
604,B.Tech,Security,Linux,Network,Research,None,Security Analyst,3,22,Germany,PhD,Tier 3
605,M.Tech,Electrical,Proteus,Power Systems,HTML/CSS,None,Electrical Engineer,10,30,Germany,Master,Tier 3
606,M.Tech,Mechanical,Thermodynamics,SolidWorks,Project Management,None,Mechanical Engineer,4,29,Canada,Master,Tier 3
607,MBA,Business,Strategy,Sales,Research,None,Business Development Manager,14,33,India,Bachelor,Tier 2
608,MA,Media,Writing,Content Strategy,Project Management,None,Content Writer,1,26,UK,Bachelor,Tier 3
609,MBA,Sales,Leadership,Negotiation,SQL,None,Sales Manager,13,32,Germany,Bachelor,Tier 2
610,B.Tech,Civil,Design,Excel,Python,None,Civil Engineer,13,38,Germany,Bachelor,Tier 2
611,M.Sc,Data Science,Machine Learning,PyTorch,Communication,None,Machine Learning Engineer,2,23,USA,Bachelor,Tier 3
612,BBA,Marketing,Social Media,SEO,Excel,None,Marketing Specialist,9,32,Canada,Master,Tier 2
613,MBA,Sales,CRM,Leadership,Excel,None,Sales Manager,15,37,Germany,Master,Tier 2
614,M.Tech,Electrical,Networking,CCNA,Data Analysis,CCNA,Network Engineer,15,39,Remote,Bachelor,Tier 2
615,B.Tech,Civil,Design,Construction,Data Analysis,None,Civil Engineer,0,23,USA,Bachelor,Tier 1
616,M.Sc,Data Science,Python,SQL,Leadership,AWS,Data Scientist,14,39,USA,Bachelor,Tier 1
617,M.Tech,Chemical,Simulation,Process Design,Python,None,Chemical Engineer,6,26,Remote,Diploma,Tier 3
618,B.Tech,Electrical,PLC,Circuits,Leadership,None,Electrical Engineer,15,34,UK,PhD,Tier 1
619,M.Tech,Chemical,Excel,Chemistry,Project Management,None,Chemical Engineer,10,28,Australia,Bachelor,Tier 3
620,MBA,HR,Labor Laws,Leadership,HTML/CSS,None,HR Manager,3,23,USA,Master,Tier 1
621,M.Tech,Computer Science,Terraform,Cloud,Research,Google Cloud,Cloud Engineer,7,28,USA,Bachelor,Tier 3
622,MCA,Data Science,Statistics,SQL,Research,None,Data Scientist,13,38,Remote,Master,Tier 1
623,B.Com,Business,SQL,Excel,Project Management,None,Business Analyst,6,27,USA,Master,Tier 1
624,B.Com,Finance,Financial Modeling,PowerBI,Communication,None,Financial Analyst,11,31,USA,Master,Tier 3
625,B.Tech,Civil,AutoCAD,Construction,Project Management,None,Civil Engineer,7,32,Canada,Diploma,Tier 3
626,BBA,HR,Recruitment,Labor Laws,Python,None,HR Manager,5,23,Australia,Diploma,Tier 2
627,B.Tech,Mechanical,Thermodynamics,CAD,Leadership,None,Mechanical Engineer,3,25,India,Bachelor,Tier 2
628,BBA,Sales,CRM,Excel,Data Analysis,None,Sales Manager,9,32,USA,Bachelor,Tier 2
629,B.Tech,Operations,Supply Chain,Planning,Project Management,None,Supply Chain Manager,15,38,UK,Bachelor,Tier 3
630,MBA,HR,Payroll,Leadership,HTML/CSS,None,HR Manager,3,27,USA,Diploma,Tier 3
631,M.Tech,Data Science,ML Ops,Machine Learning,Research,Google Cloud,Machine Learning Engineer,10,29,Canada,Master,Tier 2
632,MCA,Data Science,ETL,SQL,Data Analysis,None,Data Engineer,7,30,Australia,Bachelor,Tier 3
633,B.Tech,Design,UI/UX,Prototyping,Leadership,None,UI/UX Designer,8,31,UK,Bachelor,Tier 2
634,B.Tech,Mechanical,Thermodynamics,SolidWorks,Communication,None,Mechanical Engineer,15,38,India,PhD,Tier 2
635,B.Tech,Civil,Excel,AutoCAD,HTML/CSS,None,Civil Engineer,10,28,UK,Master,Tier 1
636,MBA,HR,Payroll,Leadership,Excel,None,HR Manager,2,27,Remote,Bachelor,Tier 2
637,M.Tech,Mechanical,SolidWorks,MATLAB,Communication,None,Mechanical Engineer,8,33,UK,Master,Tier 2
638,B.Com,Finance,Financial Modeling,Excel,Project Management,None,Financial Analyst,14,33,Remote,Bachelor,Tier 2
639,MBA,Management,Leadership,Project Management,Excel,Scrum,Project Manager,1,22,Canada,Master,Tier 3
640,B.Tech,Electrical,Networking,Switches,Research,CCNA,Network Engineer,5,30,Germany,Bachelor,Tier 3
641,MBA,HR,Labor Laws,Recruitment,Python,None,HR Manager,15,40,India,Bachelor,Tier 2
642,M.Tech,Electrical,Circuits,MATLAB,Leadership,None,Electrical Engineer,0,23,Germany,Diploma,Tier 2
643,B.Tech,Business,UML,Stakeholder Mgmt,Project Management,None,Business Analyst,11,32,UK,Diploma,Tier 2
644,M.Tech,Electrical,Circuits,Design,SQL,None,Electrical Engineer,7,28,Canada,Diploma,Tier 2
645,B.Tech,Mechanical,CAD,Thermodynamics,Project Management,None,Mechanical Engineer,1,24,Australia,Master,Tier 2
646,B.Com,Data Science,Data Analysis,Excel,SQL,AWS,Data Analyst,6,31,Australia,Master,Tier 3
647,MBA,Management,PMP Skills,Risk Mgmt,Project Management,PMP,Project Manager,3,26,UK,Bachelor,Tier 2
648,M.Tech,Mechanical,Thermodynamics,SolidWorks,Project Management,None,Mechanical Engineer,9,33,Remote,Bachelor,Tier 2
649,MBA,Business,Data Analysis,Excel,Python,PMP,Business Analyst,14,38,Remote,Bachelor,Tier 3
650,BBA,Sales,Excel,CRM,Research,None,Sales Manager,5,30,USA,Master,Tier 3
651,M.Tech,Chemical,Simulation,Process Design,Research,None,Chemical Engineer,14,32,Australia,Bachelor,Tier 2
652,B.Sc,Biotech,PCR,Documentation,Python,None,Biotech Researcher,11,33,USA,Bachelor,Tier 3
653,B.Tech,Mechanical,Thermodynamics,Project Mgmt,Research,None,Mechanical Engineer,9,31,Germany,Bachelor,Tier 3
654,B.Sc,Data Science,Tableau,SQL,Research,Google Cloud,Data Analyst,9,27,UK,Master,Tier 2
655,BBA,Business,Excel,Negotiation,HTML/CSS,None,Business Development Manager,10,35,UK,Master,Tier 3
656,B.Tech,Operations,Analytics,ERP,Excel,None,Operations Manager,4,24,India,Bachelor,Tier 2
657,B.Des,Design,UI/UX,Graphic Design,Leadership,None,UI/UX Designer,8,32,India,Bachelor,Tier 1
658,B.Sc,Biotech,Research,Documentation,Data Analysis,None,Biotech Researcher,10,31,Remote,Bachelor,Tier 2
659,BBA,HR,Labor Laws,Leadership,Python,None,HR Manager,15,36,UK,Master,Tier 1
660,M.Tech,Security,Incident Response,Linux,Communication,None,Security Analyst,4,25,Germany,Master,Tier 3
661,M.Tech,Mechanical,Project Mgmt,Design,Research,None,Mechanical Engineer,0,25,India,Master,Tier 2
662,M.Sc,Data Science,Data Analysis,Machine Learning,Leadership,None,Data Scientist,12,31,Australia,PhD,Tier 2
663,BBA,Sales,Excel,Communication,Excel,None,Sales Manager,10,33,Australia,Diploma,Tier 1
664,B.Tech,Electrical,Power Systems,MATLAB,Communication,None,Electrical Engineer,4,29,Canada,Master,Tier 3
665,MBA,Management,Project Management,PMP Skills,Excel,PMP,Project Manager,10,33,Germany,Master,Tier 1
666,M.Tech,Electrical,Circuits,Design,Project Management,None,Electrical Engineer,5,28,Remote,Bachelor,Tier 1
667,B.Tech,Mechanical,CAD,Design,Communication,None,Mechanical Engineer,7,25,Germany,Bachelor,Tier 3
668,M.Tech,Chemical,Safety,Simulation,Research,None,Chemical Engineer,0,25,Germany,Master,Tier 3
669,MBA,Marketing,Communication,Marketing,HTML/CSS,None,Marketing Specialist,6,27,Remote,Bachelor,Tier 2
670,BBA,Business,Strategy,Sales,Data Analysis,None,Business Development Manager,8,26,India,Bachelor,Tier 1
671,M.Sc,Biotech,Data Analysis,Biology,Project Management,None,Biotech Researcher,12,37,UK,Bachelor,Tier 3
672,BBA,Marketing,Marketing,Communication,Python,None,Marketing Specialist,1,25,USA,Bachelor,Tier 2
673,M.Tech,Electrical,Switches,Networking,SQL,CCNA,Network Engineer,4,26,Remote,PhD,Tier 2
674,M.Tech,Electrical,Networking,Routers,Leadership,CCNA,Network Engineer,8,33,UK,Bachelor,Tier 1
675,M.Tech,Electrical,Power Systems,MATLAB,Leadership,None,Electrical Engineer,15,40,USA,Bachelor,Tier 3
676,BBA,Sales,Leadership,Strategy,Project Management,None,Sales Manager,1,24,UK,Bachelor,Tier 2
677,BBA,Business,Excel,Communication,HTML/CSS,None,Business Development Manager,3,25,India,Bachelor,Tier 3
678,M.Tech,Computer Science,Cloud,Azure,Python,AWS,Cloud Engineer,4,23,UK,Diploma,Tier 3
679,M.Tech,Computer Science,Docker,Cloud,Research,Google Cloud,Cloud Engineer,6,24,Canada,Master,Tier 1
680,B.Tech,Security,Security,Linux,Python,CCNA,Security Analyst,2,23,Remote,Bachelor,Tier 1
681,M.Sc,Data Science,SQL,Data Analysis,Research,None,Data Scientist,12,32,Canada,PhD,Tier 1
682,B.Tech,Security,Security,SIEM,Leadership,CCNA,Security Analyst,10,28,India,Diploma,Tier 3
683,MBA,Sales,Excel,CRM,Communication,None,Sales Manager,11,34,USA,Bachelor,Tier 3
684,MBA,Operations,Supply Chain,Excel,Data Analysis,None,Supply Chain Manager,2,22,Canada,Bachelor,Tier 2
685,B.Com,Data Science,Excel,Tableau,SQL,None,Data Analyst,11,30,Canada,Diploma,Tier 2
686,B.Des,Design,HTML/CSS,UI/UX,Excel,None,UI/UX Designer,3,27,Australia,Bachelor,Tier 3
687,MBA,Operations,Excel,Supply Chain,Communication,None,Operations Manager,2,27,Canada,Bachelor,Tier 2
688,B.Tech,Security,SIEM,Incident Response,Project Management,None,Security Analyst,12,31,India,Bachelor,Tier 1
689,MBA,Design,UI/UX,Figma,SQL,None,UI/UX Designer,0,22,Germany,Master,Tier 2
690,B.Tech,Business,Excel,Data Analysis,Project Management,None,Business Analyst,9,32,USA,Bachelor,Tier 1
691,MBA,Operations,ERP,Leadership,HTML/CSS,None,Operations Manager,0,21,Australia,Master,Tier 2
692,M.Tech,Mechanical,CAD,SolidWorks,Communication,None,Mechanical Engineer,10,34,India,Bachelor,Tier 2
693,M.Sc,Biotech,Documentation,Research,Data Analysis,None,Biotech Researcher,6,31,UK,Bachelor,Tier 2
694,B.Com,Business,SQL,Stakeholder Mgmt,Data Analysis,None,Business Analyst,11,33,Remote,PhD,Tier 1
695,B.Tech,Mechanical,MATLAB,Thermodynamics,Data Analysis,None,Mechanical Engineer,13,34,UK,Bachelor,Tier 2
696,BBA,HR,Leadership,Excel,Project Management,None,HR Manager,9,32,Remote,Bachelor,Tier 3
697,MCA,Computer Science,Python,Cloud,Communication,AWS,Cloud Engineer,0,22,Remote,Master,Tier 2
698,B.Tech,Security,Python,Security,Research,None,Security Analyst,5,24,UK,Bachelor,Tier 3
699,B.Com,Business,UML,Stakeholder Mgmt,Communication,None,Business Analyst,13,34,Remote,Bachelor,Tier 2
700,B.Tech,Electrical,Networking,CCNA,Python,CCNA,Network Engineer,0,24,USA,Master,Tier 3
701,B.Tech,Security,Incident Response,Python,HTML/CSS,None,Security Analyst,4,27,India,PhD,Tier 3
702,B.Tech,Data Science,SQL,Python,Data Analysis,None,Data Analyst,14,39,UK,Master,Tier 3
703,B.Tech,Operations,Analytics,Leadership,Data Analysis,None,Operations Manager,8,28,Remote,Master,Tier 3
704,MBA,Data Science,Python,Excel,Research,None,Data Analyst,3,27,India,Master,Tier 2
705,M.Tech,Mechanical,CAD,Thermodynamics,Leadership,None,Mechanical Engineer,14,32,Canada,Master,Tier 2
706,M.Tech,Management,Project Management,Risk Mgmt,HTML/CSS,PMP,Project Manager,11,33,India,Bachelor,Tier 2
707,Ph.D,Biotech,Lab Techniques,Data Analysis,HTML/CSS,None,Biotech Researcher,8,32,Australia,Bachelor,Tier 2
708,B.Tech,Management,Scrum,Agile,Excel,Scrum,Scrum Master,5,28,India,Master,Tier 2
709,Ph.D,Data Science,SQL,Data Analysis,Python,None,Data Scientist,3,24,UK,PhD,Tier 2
710,B.Tech,Security,SIEM,Incident Response,HTML/CSS,CCNA,Security Analyst,1,24,Germany,Bachelor,Tier 2
711,MCA,Data Science,Spark,Hadoop,Project Management,Google Cloud,Data Engineer,4,29,USA,Bachelor,Tier 2
712,M.Sc,Data Science,Machine Learning,TensorFlow,Research,Google Cloud,Machine Learning Engineer,12,32,Canada,Diploma,Tier 2
713,MCA,Data Science,Spark,SQL,Python,AWS,Data Engineer,14,39,UK,Master,Tier 3
714,B.Tech,Electrical,MATLAB,Proteus,Communication,None,Electrical Engineer,1,25,Canada,Bachelor,Tier 2
715,MBA,Sales,Communication,Excel,Leadership,None,Sales Manager,0,23,Remote,Bachelor,Tier 3
716,BBA,HR,Excel,Communication,Python,None,HR Manager,1,24,Remote,PhD,Tier 2
717,B.Com,Data Science,Excel,SQL,Research,AWS,Data Analyst,10,28,India,Master,Tier 2
718,MBA,Operations,Logistics,Supply Chain,SQL,None,Supply Chain Manager,0,23,Canada,PhD,Tier 2
719,M.Tech,Electrical,Proteus,MATLAB,Communication,None,Electrical Engineer,4,25,Canada,PhD,Tier 3
720,B.Com,Marketing,Marketing,Analytics,Python,None,Marketing Specialist,2,24,India,Bachelor,Tier 1
721,Ph.D,Biotech,Lab Techniques,Data Analysis,SQL,None,Biotech Researcher,14,32,USA,Master,Tier 2
722,BBA,Business,CRM,Strategy,Data Analysis,None,Business Development Manager,6,31,Canada,Bachelor,Tier 3
723,MBA,Business,Strategy,Excel,Communication,None,Business Development Manager,0,22,Germany,Bachelor,Tier 2
724,B.Tech,Mechanical,MATLAB,Thermodynamics,Research,None,Mechanical Engineer,15,40,Germany,Bachelor,Tier 3
725,M.Tech,Electrical,Power Systems,Design,Communication,None,Electrical Engineer,2,26,India,Master,Tier 3
726,M.Tech,Computer Science,Cloud,Azure,Leadership,AWS,Cloud Engineer,15,39,Australia,Master,Tier 1
727,B.Tech,Civil,Construction,AutoCAD,Data Analysis,None,Civil Engineer,14,33,India,Bachelor,Tier 2
728,B.Tech,Operations,ERP,Excel,Project Management,None,Operations Manager,0,22,Australia,Bachelor,Tier 1
729,MBA,Sales,Negotiation,Communication,SQL,None,Sales Manager,7,27,USA,Bachelor,Tier 1
730,Ph.D,Data Science,Pandas,Statistics,Communication,AWS,Data Scientist,3,22,Germany,Bachelor,Tier 1
731,B.Tech,Electrical,Design,PLC,Project Management,None,Electrical Engineer,2,26,Canada,Bachelor,Tier 1
732,M.Tech,Chemical,Excel,MATLAB,Project Management,None,Chemical Engineer,14,37,India,Diploma,Tier 1
733,MBA,Operations,Supply Chain,Logistics,Research,None,Supply Chain Manager,1,24,UK,Master,Tier 2
734,MBA,Data Science,Excel,Data Analysis,Research,AWS,Data Analyst,9,31,Germany,Diploma,Tier 3
735,B.Sc,Biotech,Data Analysis,PCR,Python,None,Biotech Researcher,3,24,Australia,PhD,Tier 3
736,Ph.D,Biotech,Biology,Research,Communication,None,Biotech Researcher,6,26,Australia,Bachelor,Tier 2
737,BBA,HR,Labor Laws,Leadership,Communication,None,HR Manager,1,21,USA,Bachelor,Tier 2
738,B.Tech,Business,Excel,SQL,Python,PMP,Business Analyst,4,26,UK,Master,Tier 2
739,M.Tech,Security,Network,SIEM,Data Analysis,None,Security Analyst,0,25,Canada,Master,Tier 1
740,B.Tech,Business,Communication,UML,Research,PMP,Business Analyst,7,32,Remote,Master,Tier 3
741,BBA,Marketing,Analytics,Communication,Excel,Google Cloud,Marketing Specialist,14,37,Australia,Bachelor,Tier 2
742,B.Tech,Design,HTML/CSS,UI/UX,Excel,None,UI/UX Designer,7,28,Australia,Bachelor,Tier 3
743,BBA,Business,Excel,Strategy,SQL,None,Business Development Manager,3,22,Remote,Master,Tier 2
744,B.Tech,Electrical,Networking,Routers,Communication,CCNA,Network Engineer,3,24,USA,Bachelor,Tier 2
745,M.Tech,Data Science,Statistics,Pandas,Project Management,None,Data Scientist,11,36,USA,PhD,Tier 3
746,BBA,Marketing,Communication,SEO,SQL,Google Cloud,Marketing Specialist,1,25,Canada,Bachelor,Tier 2
747,B.Tech,Mechanical,CAD,MATLAB,Project Management,None,Mechanical Engineer,4,25,USA,Diploma,Tier 3
748,B.Sc,Biotech,Biology,Lab Techniques,Communication,None,Biotech Researcher,2,23,Canada,Bachelor,Tier 3
749,M.Tech,Civil,Design,Excel,Communication,None,Civil Engineer,11,33,Canada,Bachelor,Tier 2
750,BBA,Business,Sales,CRM,Python,None,Business Development Manager,11,34,Australia,Bachelor,Tier 3
751,M.Sc,Data Science,Machine Learning,TensorFlow,Communication,None,Machine Learning Engineer,7,30,USA,Bachelor,Tier 3
752,MBA,HR,Labor Laws,Excel,HTML/CSS,None,HR Manager,5,28,UK,Bachelor,Tier 1
753,MBA,Management,Agile,Scrum,Project Management,PMP,Scrum Master,2,24,Germany,Bachelor,Tier 2
754,B.Tech,Mechanical,Thermodynamics,Project Mgmt,Project Management,None,Mechanical Engineer,8,31,India,Bachelor,Tier 2
755,M.Sc,Data Science,Python,Statistics,HTML/CSS,None,Data Scientist,2,24,USA,Diploma,Tier 1
756,B.Tech,Civil,Construction,AutoCAD,Project Management,None,Civil Engineer,8,29,Australia,Master,Tier 2
757,M.Tech,Electrical,PLC,Proteus,Leadership,None,Electrical Engineer,8,28,Australia,Master,Tier 1
758,B.Tech,Security,Linux,Incident Response,Python,None,Security Analyst,12,33,Remote,Bachelor,Tier 2
759,M.Tech,Civil,Project Management,AutoCAD,Data Analysis,None,Civil Engineer,7,32,Canada,Master,Tier 3
760,M.Tech,Electrical,MATLAB,Power Systems,Communication,None,Electrical Engineer,14,33,Remote,Diploma,Tier 3
761,BBA,Marketing,Analytics,Communication,Leadership,Google Cloud,Marketing Specialist,0,24,Remote,Master,Tier 2
762,MBA,Data Science,Excel,Tableau,Python,AWS,Data Analyst,7,30,Germany,Master,Tier 2
763,MBA,Operations,Operations,Analytics,Research,None,Operations Manager,9,30,Canada,Diploma,Tier 3
764,MBA,Business,Negotiation,CRM,Leadership,None,Business Development Manager,4,24,UK,Bachelor,Tier 3
765,MBA,Business,Strategy,CRM,SQL,None,Business Development Manager,5,26,India,PhD,Tier 2
766,B.Tech,Data Science,Python,Data Analysis,Leadership,AWS,Data Analyst,6,27,UK,Master,Tier 1
767,B.Tech,Security,SIEM,Incident Response,Excel,None,Security Analyst,1,23,Canada,Diploma,Tier 2
768,M.Sc,Data Science,Pandas,Python,Project Management,Google Cloud,Data Scientist,10,35,Germany,Bachelor,Tier 2
769,M.Tech,Security,Security,SIEM,HTML/CSS,CCNA,Security Analyst,14,34,Australia,Bachelor,Tier 2
770,B.Com,Data Science,Python,PowerBI,SQL,AWS,Data Analyst,15,34,Remote,Bachelor,Tier 3
771,B.Tech,Operations,ERP,Analytics,Project Management,None,Operations Manager,0,21,Australia,Master,Tier 3
772,B.Tech,Chemical,Safety,MATLAB,Leadership,None,Chemical Engineer,12,32,Australia,Bachelor,Tier 1
773,M.Tech,Data Science,Hadoop,Airflow,Excel,None,Data Engineer,1,21,UK,Bachelor,Tier 3
774,B.Tech,Civil,Design,AutoCAD,Project Management,None,Civil Engineer,1,26,Canada,Bachelor,Tier 2
775,B.Tech,Data Science,Python,Data Analysis,Leadership,None,Data Analyst,0,21,Remote,Bachelor,Tier 2
776,M.Tech,Security,Security,Linux,Leadership,CCNA,Security Analyst,0,21,UK,Master,Tier 2
777,MBA,Operations,Operations,Excel,HTML/CSS,None,Operations Manager,5,25,India,Bachelor,Tier 1
778,BBA,HR,Recruitment,Communication,Excel,None,HR Manager,10,31,Canada,Master,Tier 2
779,M.Tech,Electrical,Routers,Networking,Excel,CCNA,Network Engineer,12,33,India,Bachelor,Tier 1
780,M.Tech,Data Science,Airflow,ETL,Data Analysis,None,Data Engineer,10,28,India,Bachelor,Tier 2
781,B.Tech,Electrical,CCNA,Networking,Project Management,CCNA,Network Engineer,8,30,India,Diploma,Tier 2
782,B.Tech,Electrical,Power Systems,Circuits,SQL,None,Electrical Engineer,10,33,India,Bachelor,Tier 2
783,MCA,Data Science,Spark,Hadoop,Project Management,Google Cloud,Data Engineer,14,34,Canada,Master,Tier 2
784,M.Tech,Security,Network,Security,Communication,None,Security Analyst,0,22,India,Master,Tier 3
785,B.Sc,Biotech,Data Analysis,Documentation,Project Management,None,Biotech Researcher,2,22,USA,Bachelor,Tier 2
786,BBA,Business,Sales,Communication,HTML/CSS,None,Business Development Manager,4,26,USA,Master,Tier 2
787,B.Tech,Management,Agile,Scrum,SQL,PMP,Scrum Master,14,39,UK,Bachelor,Tier 2
788,BBA,Sales,Excel,Strategy,Communication,None,Sales Manager,1,25,Remote,PhD,Tier 2
789,B.Com,Marketing,Communication,Social Media,Project Management,Google Cloud,Marketing Specialist,7,27,Canada,Diploma,Tier 3
790,B.Tech,Operations,Supply Chain,Excel,Leadership,None,Operations Manager,2,23,India,Master,Tier 1
791,MBA,Business,Data Analysis,Excel,Leadership,PMP,Business Analyst,6,26,India,Bachelor,Tier 2
792,MBA,Operations,Leadership,Excel,Python,None,Operations Manager,6,27,Canada,Diploma,Tier 3
793,MBA,Business,Strategy,Negotiation,Excel,None,Business Development Manager,7,28,UK,Bachelor,Tier 3
794,MBA,Management,PMP Skills,Project Management,Leadership,Scrum,Project Manager,11,32,Germany,Bachelor,Tier 2
795,B.Tech,Operations,Operations,ERP,Excel,None,Operations Manager,12,33,Remote,Diploma,Tier 3
796,B.Tech,Security,SIEM,Linux,Data Analysis,None,Security Analyst,9,34,Canada,Bachelor,Tier 3
797,M.Tech,Mechanical,SolidWorks,CAD,Communication,None,Mechanical Engineer,8,31,Germany,Bachelor,Tier 2
798,BBA,HR,Payroll,Labor Laws,SQL,None,HR Manager,4,24,India,Diploma,Tier 2
799,B.Sc,Biotech,Lab Techniques,Biology,Data Analysis,None,Biotech Researcher,11,33,Germany,PhD,Tier 3
800,BBA,Marketing,Social Media,Analytics,SQL,Google Cloud,Marketing Specialist,11,32,Germany,Bachelor,Tier 3
801,B.Tech,Civil,AutoCAD,Project Management,HTML/CSS,None,Civil Engineer,2,25,India,PhD,Tier 1
802,MCA,Data Science,ETL,SQL,Excel,None,Data Engineer,5,26,Remote,Bachelor,Tier 2
803,MBA,Business,Excel,Communication,Project Management,None,Business Development Manager,7,31,India,PhD,Tier 2
804,BBA,Business,Negotiation,Communication,Excel,None,Business Development Manager,4,25,USA,Master,Tier 3
805,B.Tech,Business,Communication,UML,Communication,PMP,Business Analyst,5,23,India,Master,Tier 2
806,M.Tech,Management,Project Management,Risk Mgmt,Leadership,PMP,Project Manager,12,33,Australia,Bachelor,Tier 3
807,MBA,Operations,Supply Chain,Analytics,Research,None,Operations Manager,6,30,USA,Master,Tier 2
808,MBA,Business,SQL,Excel,HTML/CSS,None,Business Analyst,2,22,Australia,Bachelor,Tier 3
809,B.Tech,Operations,Supply Chain,ERP,Project Management,None,Supply Chain Manager,4,25,Australia,Bachelor,Tier 3
810,M.Tech,Security,Linux,SIEM,Communication,None,Security Analyst,6,28,Remote,Bachelor,Tier 2
811,Ph.D,Biotech,Research,Biology,HTML/CSS,None,Biotech Researcher,7,31,Germany,Master,Tier 1
812,MBA,Marketing,Marketing,Excel,Excel,Google Cloud,Marketing Specialist,1,23,Remote,PhD,Tier 2
813,M.Tech,Mechanical,MATLAB,SolidWorks,Excel,None,Mechanical Engineer,1,21,USA,Bachelor,Tier 1
814,M.Tech,Mechanical,SolidWorks,Thermodynamics,Leadership,None,Mechanical Engineer,8,32,Germany,Master,Tier 2
815,M.Tech,Electrical,MATLAB,Circuits,Project Management,None,Electrical Engineer,10,31,Australia,Master,Tier 3
816,MCA,Data Science,SQL,ETL,Data Analysis,Google Cloud,Data Engineer,7,29,Australia,Bachelor,Tier 2
817,MCA,Computer Science,Cloud,Terraform,HTML/CSS,Google Cloud,Cloud Engineer,11,31,Remote,Bachelor,Tier 2
818,Ph.D,Biotech,Research,PCR,SQL,None,Biotech Researcher,8,28,UK,Bachelor,Tier 2
819,B.Com,Business,Communication,Data Analysis,Project Management,PMP,Business Analyst,15,36,Germany,Master,Tier 1
820,Ph.D,Data Science,Data Analysis,Statistics,Leadership,Google Cloud,Data Scientist,10,33,USA,Master,Tier 2
821,B.Com,Finance,SQL,Financial Modeling,Research,CFA,Financial Analyst,2,24,Germany,PhD,Tier 3
822,M.Tech,Data Science,Spark,Hadoop,Project Management,AWS,Data Engineer,12,31,Canada,Bachelor,Tier 1
823,MBA,Finance,Financial Modeling,Excel,Data Analysis,CFA,Financial Analyst,7,27,USA,Bachelor,Tier 3
824,B.Com,Finance,Data Analysis,Financial Modeling,Research,None,Financial Analyst,10,32,Remote,Bachelor,Tier 3
825,MBA,HR,Excel,Leadership,Research,None,HR Manager,15,38,India,Master,Tier 3
826,MBA,Design,HTML/CSS,UI/UX,Research,None,UI/UX Designer,2,27,UK,Bachelor,Tier 3
827,BBA,HR,Communication,Recruitment,SQL,None,HR Manager,4,27,Australia,Master,Tier 2
828,BBA,Sales,CRM,Leadership,Excel,None,Sales Manager,9,27,Australia,Master,Tier 3
829,Ph.D,Data Science,SQL,Python,Communication,None,Data Scientist,6,31,UK,Master,Tier 2
830,M.Tech,Electrical,TCP/IP,Networking,HTML/CSS,CCNA,Network Engineer,10,28,Remote,Master,Tier 3
831,B.Tech,Chemical,MATLAB,Excel,Communication,None,Chemical Engineer,12,31,Remote,Master,Tier 3
832,MBA,Operations,Operations,Excel,Leadership,None,Operations Manager,0,25,Germany,Bachelor,Tier 2
833,M.Sc,Data Science,SQL,Statistics,Communication,Google Cloud,Data Scientist,9,28,Australia,Master,Tier 2
834,MBA,Management,Leadership,Project Management,Python,PMP,Project Manager,1,26,UK,Bachelor,Tier 1
835,M.Tech,Electrical,PLC,MATLAB,Python,None,Electrical Engineer,4,26,Australia,Bachelor,Tier 3
836,B.Tech,Security,Linux,Python,SQL,None,Security Analyst,4,26,Germany,Master,Tier 1
837,M.Tech,Electrical,MATLAB,PLC,Data Analysis,None,Electrical Engineer,4,28,Australia,Bachelor,Tier 1
838,MBA,Marketing,Excel,SEO,Project Management,Google Cloud,Marketing Specialist,7,30,Germany,Bachelor,Tier 2
839,BBA,Marketing,Social Media,Analytics,Research,Google Cloud,Marketing Specialist,5,29,Remote,Master,Tier 3
840,M.Sc,Biotech,Research,Biology,Data Analysis,None,Biotech Researcher,5,29,Germany,PhD,Tier 3
841,B.Com,Data Science,PowerBI,SQL,Leadership,None,Data Analyst,5,29,Remote,Master,Tier 2
842,B.Tech,Management,Scrum,Facilitation,Communication,Scrum,Scrum Master,3,28,Remote,Bachelor,Tier 2
843,M.Sc,Data Science,Statistics,Data Analysis,Python,Google Cloud,Data Scientist,3,23,Remote,Bachelor,Tier 1
844,M.Tech,Data Science,Airflow,Spark,Communication,AWS,Data Engineer,5,24,Canada,Bachelor,Tier 3
845,B.Tech,Operations,Logistics,Supply Chain,Leadership,None,Supply Chain Manager,4,25,Remote,Master,Tier 3
846,B.Tech,Business,Excel,Communication,HTML/CSS,PMP,Business Analyst,5,29,Germany,Diploma,Tier 2
847,B.Tech,Electrical,Power Systems,Circuits,Data Analysis,None,Electrical Engineer,8,26,Canada,Bachelor,Tier 2
848,MBA,HR,Labor Laws,Payroll,Communication,None,HR Manager,2,24,Australia,Diploma,Tier 3
849,M.Tech,Mechanical,SolidWorks,Thermodynamics,Python,None,Mechanical Engineer,3,25,USA,Bachelor,Tier 1
850,B.Com,Business,UML,Data Analysis,SQL,None,Business Analyst,3,23,Canada,Master,Tier 2
851,B.Tech,Operations,Operations,Analytics,Communication,None,Operations Manager,5,28,Remote,Bachelor,Tier 2
852,M.Tech,Security,Python,Incident Response,Excel,None,Security Analyst,12,34,Canada,Bachelor,Tier 1
853,B.Tech,Security,SIEM,Linux,Excel,CCNA,Security Analyst,7,30,Australia,Bachelor,Tier 2
854,M.Sc,Biotech,Lab Techniques,Research,Project Management,None,Biotech Researcher,11,33,Canada,Bachelor,Tier 3
855,M.Tech,Civil,AutoCAD,Design,Leadership,None,Civil Engineer,13,32,Remote,Diploma,Tier 1
856,B.Tech,Business,SQL,Data Analysis,HTML/CSS,PMP,Business Analyst,15,36,Australia,PhD,Tier 3
857,MBA,Operations,Operations,Analytics,Research,None,Operations Manager,3,25,India,Master,Tier 3
858,B.Tech,Mechanical,Design,SolidWorks,SQL,None,Mechanical Engineer,0,24,Australia,Bachelor,Tier 2
859,B.Tech,Civil,Project Management,Surveying,Leadership,None,Civil Engineer,3,24,Australia,Bachelor,Tier 2
860,M.Tech,Data Science,Data Analysis,Pandas,SQL,None,Data Scientist,3,24,UK,Bachelor,Tier 2
861,M.Tech,Data Science,ETL,Hadoop,HTML/CSS,Google Cloud,Data Engineer,0,25,Germany,Bachelor,Tier 2
862,BBA,HR,Leadership,Communication,SQL,None,HR Manager,1,24,Canada,Master,Tier 1
863,BA,Media,Content Strategy,Communication,SQL,None,Content Writer,14,38,Remote,Bachelor,Tier 1
864,B.Tech,Electrical,Networking,Routers,Leadership,CCNA,Network Engineer,3,23,UK,Diploma,Tier 2
865,MBA,Business,SQL,Data Analysis,Leadership,PMP,Business Analyst,8,26,Germany,Bachelor,Tier 2
866,M.Tech,Data Science,Python,Hadoop,Data Analysis,None,Data Engineer,4,24,UK,Bachelor,Tier 3
867,MCA,Data Science,Statistics,Machine Learning,SQL,AWS,Data Scientist,0,24,Germany,Bachelor,Tier 2
868,B.Tech,Security,SIEM,Incident Response,SQL,None,Security Analyst,7,28,Remote,Bachelor,Tier 2
869,B.Tech,Chemical,Simulation,Safety,Excel,None,Chemical Engineer,7,30,USA,Bachelor,Tier 3
870,Ph.D,Biotech,Data Analysis,Lab Techniques,Project Management,None,Biotech Researcher,3,27,Australia,Bachelor,Tier 1
871,B.Tech,Operations,Analytics,Supply Chain,Python,None,Operations Manager,1,24,Germany,Bachelor,Tier 3
872,B.Tech,Mechanical,Thermodynamics,SolidWorks,HTML/CSS,None,Mechanical Engineer,7,27,UK,Bachelor,Tier 1
873,B.Tech,Electrical,Power Systems,PLC,Research,None,Electrical Engineer,8,30,Australia,Bachelor,Tier 2
874,B.Tech,Civil,AutoCAD,Project Management,SQL,None,Civil Engineer,10,29,UK,Bachelor,Tier 3
875,M.Tech,Chemical,Simulation,Excel,Data Analysis,None,Chemical Engineer,11,29,Australia,Bachelor,Tier 2
876,M.Sc,Data Science,SQL,Data Analysis,Project Management,AWS,Data Scientist,2,22,USA,Master,Tier 2
877,MCA,Data Science,Airflow,ETL,SQL,Google Cloud,Data Engineer,1,25,Australia,Master,Tier 1
878,MBA,Sales,Leadership,Communication,Excel,None,Sales Manager,1,22,USA,Bachelor,Tier 3
879,B.Tech,Electrical,Power Systems,PLC,Excel,None,Electrical Engineer,11,31,Germany,Master,Tier 1
880,M.Tech,Management,Project Management,Leadership,Data Analysis,Scrum,Project Manager,0,22,Canada,Bachelor,Tier 3
881,MBA,Sales,Strategy,Excel,SQL,None,Sales Manager,6,30,Germany,Master,Tier 3
882,B.Tech,Data Science,Excel,Data Analysis,Leadership,Google Cloud,Data Analyst,12,33,Canada,Bachelor,Tier 1
883,BBA,Sales,Excel,Strategy,HTML/CSS,None,Sales Manager,5,26,Canada,Master,Tier 3
884,MBA,Business,Communication,Strategy,HTML/CSS,None,Business Development Manager,4,25,USA,Bachelor,Tier 3
885,B.Tech,Mechanical,CAD,Design,Excel,None,Mechanical Engineer,11,31,India,PhD,Tier 3
886,B.Tech,Chemical,Excel,Chemistry,Python,None,Chemical Engineer,8,27,Germany,Master,Tier 2
887,B.Sc,Biotech,PCR,Data Analysis,SQL,None,Biotech Researcher,3,27,Australia,Master,Tier 3
888,MBA,Business,Excel,CRM,Data Analysis,None,Business Development Manager,8,28,Canada,Master,Tier 3
889,MCA,Data Science,Hadoop,Spark,Data Analysis,AWS,Data Engineer,5,25,USA,Bachelor,Tier 3
890,M.Tech,Chemical,Simulation,Chemistry,Excel,None,Chemical Engineer,0,25,India,Bachelor,Tier 1
891,MBA,Business,Excel,CRM,Data Analysis,None,Business Development Manager,3,26,Australia,Master,Tier 3
892,M.Tech,Civil,Project Management,Surveying,Communication,None,Civil Engineer,1,25,Australia,Bachelor,Tier 2
893,B.Tech,Security,Incident Response,Linux,Data Analysis,CCNA,Security Analyst,0,21,India,Bachelor,Tier 1
894,M.Tech,Security,Network,Incident Response,Excel,CCNA,Security Analyst,13,33,USA,Bachelor,Tier 2
895,BBA,HR,Leadership,Recruitment,HTML/CSS,None,HR Manager,12,37,Australia,Master,Tier 1
896,B.Tech,Chemical,Simulation,Safety,SQL,None,Chemical Engineer,2,22,Canada,Bachelor,Tier 2
897,Ph.D,Data Science,Machine Learning,Python,Communication,AWS,Machine Learning Engineer,9,34,Remote,Bachelor,Tier 3
898,M.Tech,Mechanical,Thermodynamics,CAD,SQL,None,Mechanical Engineer,2,22,Remote,PhD,Tier 1
899,B.Tech,Security,SIEM,Linux,Leadership,None,Security Analyst,4,25,USA,Bachelor,Tier 3
900,M.Tech,Security,Python,Network,Excel,None,Security Analyst,8,27,India,Bachelor,Tier 1
901,MBA,Marketing,Social Media,Marketing,SQL,Google Cloud,Marketing Specialist,12,32,UK,Bachelor,Tier 2
902,MBA,Marketing,Analytics,Marketing,Excel,Google Cloud,Marketing Specialist,7,25,USA,Bachelor,Tier 2
903,M.Tech,Security,Network,SIEM,Data Analysis,CCNA,Security Analyst,3,22,UK,Bachelor,Tier 3
904,M.Sc,Biotech,Biology,Research,Leadership,None,Biotech Researcher,4,25,Germany,Bachelor,Tier 3
905,MBA,Operations,ERP,Excel,Communication,None,Operations Manager,4,23,Australia,Master,Tier 2
906,MBA,Finance,Financial Modeling,Accounting,Excel,CFA,Financial Analyst,0,24,UK,Diploma,Tier 1
907,M.Tech,Mechanical,Design,Thermodynamics,SQL,None,Mechanical Engineer,2,25,Remote,Bachelor,Tier 1
908,M.Tech,Data Science,SQL,Machine Learning,Python,None,Data Scientist,4,25,USA,Diploma,Tier 1
909,M.Sc,Data Science,ML Ops,Machine Learning,Data Analysis,AWS,Machine Learning Engineer,9,32,Germany,Master,Tier 2
910,B.Com,Business,Excel,Communication,SQL,PMP,Business Analyst,1,25,Remote,Bachelor,Tier 1
911,B.Tech,Chemical,Simulation,Excel,HTML/CSS,None,Chemical Engineer,12,33,Australia,PhD,Tier 2
912,B.Tech,Management,Agile,Scrum,Project Management,PMP,Scrum Master,8,33,UK,Master,Tier 2
913,M.Tech,Electrical,MATLAB,PLC,Leadership,None,Electrical Engineer,4,28,USA,Bachelor,Tier 1
914,B.Tech,Mechanical,Design,MATLAB,HTML/CSS,None,Mechanical Engineer,2,27,Germany,Bachelor,Tier 2
915,M.Tech,Civil,Construction,Surveying,Excel,None,Civil Engineer,2,23,Canada,Diploma,Tier 3
916,M.Tech,Data Science,Machine Learning,Pandas,Leadership,AWS,Data Scientist,2,26,Canada,Diploma,Tier 3
917,M.Sc,Data Science,SQL,Statistics,Data Analysis,AWS,Data Scientist,0,23,Remote,Bachelor,Tier 2
918,B.Tech,Security,Python,Incident Response,Research,CCNA,Security Analyst,12,34,Canada,Master,Tier 1
919,B.Tech,Mechanical,Thermodynamics,MATLAB,Python,None,Mechanical Engineer,5,25,Australia,Bachelor,Tier 3
920,B.Tech,Data Science,Hadoop,ETL,Research,None,Data Engineer,6,25,USA,Bachelor,Tier 3
921,B.Tech,Security,Linux,Incident Response,Communication,CCNA,Security Analyst,3,28,India,Bachelor,Tier 3
922,MBA,Finance,Financial Modeling,SQL,Research,None,Financial Analyst,10,35,Germany,Bachelor,Tier 3
923,M.Tech,Data Science,SQL,Statistics,Research,AWS,Data Scientist,13,31,UK,Master,Tier 1
924,B.Tech,Mechanical,MATLAB,Thermodynamics,Excel,None,Mechanical Engineer,14,34,Canada,Bachelor,Tier 3
925,MCA,Data Science,Spark,Airflow,Python,Google Cloud,Data Engineer,9,27,USA,Bachelor,Tier 2
926,BBA,Sales,Leadership,Negotiation,Data Analysis,None,Sales Manager,15,36,Australia,Master,Tier 3
927,M.Tech,Security,Security,Network,SQL,None,Security Analyst,10,31,India,Bachelor,Tier 2
928,B.Tech,Operations,Leadership,Supply Chain,Python,None,Operations Manager,13,35,Remote,Bachelor,Tier 3
929,Ph.D,Data Science,Statistics,Data Analysis,Project Management,None,Data Scientist,14,34,UK,Bachelor,Tier 2
930,B.Tech,Operations,Leadership,Operations,Python,None,Operations Manager,13,33,UK,Master,Tier 2
931,Ph.D,Biotech,Data Analysis,Research,HTML/CSS,None,Biotech Researcher,11,33,Germany,PhD,Tier 2
932,MCA,Data Science,Statistics,Data Analysis,Research,Google Cloud,Data Scientist,13,37,USA,Diploma,Tier 3
933,BBA,Marketing,Marketing,Analytics,Python,Google Cloud,Marketing Specialist,10,31,USA,PhD,Tier 3
934,B.Tech,Civil,Design,Surveying,Leadership,None,Civil Engineer,7,32,Germany,Bachelor,Tier 2
935,B.Tech,Security,Security,Incident Response,Excel,None,Security Analyst,3,27,Remote,Bachelor,Tier 1
936,B.Com,Data Science,Data Analysis,Excel,Project Management,None,Data Analyst,12,37,UK,Master,Tier 1
937,MBA,Management,Communication,Scrum,HTML/CSS,PMP,Scrum Master,14,38,Australia,Master,Tier 1
938,MBA,HR,Communication,Excel,Communication,None,HR Manager,12,31,Australia,Diploma,Tier 1
939,B.Tech,Civil,Construction,Design,Python,None,Civil Engineer,4,28,India,Master,Tier 2
940,M.Tech,Mechanical,Project Mgmt,Design,Research,None,Mechanical Engineer,4,25,UK,Master,Tier 1
941,B.Tech,Electrical,Design,PLC,Communication,None,Electrical Engineer,15,33,Remote,Bachelor,Tier 1
942,B.Tech,Mechanical,Design,CAD,Python,None,Mechanical Engineer,6,30,Germany,Master,Tier 2
943,B.Tech,Chemical,Simulation,Safety,Data Analysis,None,Chemical Engineer,0,22,Canada,Master,Tier 3
944,B.Sc,Biotech,Biology,PCR,Excel,None,Biotech Researcher,6,24,Canada,Diploma,Tier 2
945,B.Tech,Electrical,MATLAB,Proteus,Project Management,None,Electrical Engineer,4,25,UK,Bachelor,Tier 3
946,MCA,Data Science,SQL,Pandas,Project Management,AWS,Data Scientist,8,31,India,Bachelor,Tier 3
947,MBA,Management,PMP Skills,Communication,Project Management,PMP,Project Manager,13,34,Germany,Bachelor,Tier 2
948,M.Tech,Data Science,ETL,Airflow,Excel,Google Cloud,Data Engineer,1,25,UK,Bachelor,Tier 2
949,M.Sc,Biotech,Documentation,Biology,Project Management,None,Biotech Researcher,11,31,USA,Master,Tier 1
950,BBA,Business,Communication,Excel,Project Management,None,Business Development Manager,6,27,India,Bachelor,Tier 3
951,Ph.D,Data Science,Machine Learning,Pandas,Data Analysis,None,Data Scientist,2,26,Australia,Bachelor,Tier 3
952,BBA,Sales,Negotiation,Communication,Project Management,None,Sales Manager,10,31,USA,Bachelor,Tier 3
953,MBA,Sales,CRM,Communication,HTML/CSS,None,Sales Manager,5,28,Canada,Bachelor,Tier 2
954,M.Sc,Data Science,Machine Learning,SQL,Leadership,None,Machine Learning Engineer,1,25,Canada,Diploma,Tier 2
955,BBA,Marketing,Communication,Social Media,HTML/CSS,None,Marketing Specialist,9,29,UK,Master,Tier 2
956,B.Tech,Civil,Project Management,Design,Research,None,Civil Engineer,0,22,India,PhD,Tier 3
957,MCA,Data Science,Python,SQL,Communication,Google Cloud,Data Engineer,8,30,Australia,Master,Tier 3
958,M.Tech,Civil,AutoCAD,Surveying,Leadership,None,Civil Engineer,8,27,USA,Bachelor,Tier 1
959,B.Com,Marketing,Communication,Excel,Data Analysis,None,Marketing Specialist,10,28,Remote,Bachelor,Tier 3
960,MBA,Operations,Operations,Supply Chain,Python,None,Operations Manager,2,24,Canada,Master,Tier 2
961,B.Tech,Chemical,Safety,Chemistry,Leadership,None,Chemical Engineer,6,25,India,PhD,Tier 1
962,B.Tech,Management,Facilitation,Scrum,Leadership,PMP,Scrum Master,14,37,Canada,Bachelor,Tier 2
963,MCA,Computer Science,Cloud,Python,Leadership,Google Cloud,Cloud Engineer,3,23,Germany,Master,Tier 3
964,BBA,HR,Payroll,Leadership,Research,None,HR Manager,14,33,UK,Bachelor,Tier 2
965,MBA,Marketing,Social Media,SEO,Leadership,None,Marketing Specialist,12,33,USA,Bachelor,Tier 2
966,B.Tech,Security,Network,Linux,HTML/CSS,None,Security Analyst,8,33,Canada,Bachelor,Tier 2
967,MBA,Sales,Excel,CRM,Python,None,Sales Manager,1,26,USA,PhD,Tier 2
968,M.Tech,Chemical,Excel,Process Design,Python,None,Chemical Engineer,1,21,Canada,Bachelor,Tier 1
969,BBA,Sales,Excel,Communication,Python,None,Sales Manager,12,33,Germany,Bachelor,Tier 3
970,M.Sc,Data Science,Python,Data Analysis,SQL,AWS,Data Scientist,8,32,USA,Bachelor,Tier 2
971,B.Tech,Electrical,Networking,CCNA,Leadership,CCNA,Network Engineer,9,34,UK,Master,Tier 1
972,B.Tech,Operations,Operations,ERP,SQL,None,Operations Manager,15,39,UK,Master,Tier 2
973,MBA,Management,Project Management,Leadership,HTML/CSS,Scrum,Project Manager,0,22,UK,Master,Tier 1
974,M.Tech,Mechanical,MATLAB,CAD,Leadership,None,Mechanical Engineer,0,25,UK,PhD,Tier 2
975,BBA,Business,Communication,CRM,Data Analysis,None,Business Development Manager,3,22,UK,Master,Tier 2
976,B.Tech,Security,Network,Python,Project Management,None,Security Analyst,9,30,Canada,Master,Tier 3
977,M.Tech,Electrical,Networking,TCP/IP,Data Analysis,CCNA,Network Engineer,0,22,Germany,Master,Tier 2
978,M.Tech,Security,Security,SIEM,Leadership,None,Security Analyst,4,25,Germany,Diploma,Tier 2
979,MBA,HR,Labor Laws,Payroll,SQL,None,HR Manager,10,32,Canada,Bachelor,Tier 3
980,BBA,Sales,Strategy,Communication,SQL,None,Sales Manager,9,28,India,Bachelor,Tier 3
981,B.Tech,Civil,Construction,Surveying,Python,None,Civil Engineer,3,25,Remote,Bachelor,Tier 3
982,BBA,HR,Communication,Recruitment,Excel,None,HR Manager,0,24,India,Bachelor,Tier 3
983,MBA,Operations,Logistics,Supply Chain,SQL,None,Supply Chain Manager,0,21,UK,Bachelor,Tier 3
984,M.Sc,Biotech,Biology,Documentation,Research,None,Biotech Researcher,6,30,Canada,PhD,Tier 2
985,MBA,Management,Scrum,Facilitation,Excel,PMP,Scrum Master,10,35,USA,Master,Tier 1
986,M.Tech,Electrical,Design,MATLAB,Data Analysis,None,Electrical Engineer,11,33,UK,Bachelor,Tier 2
987,BBA,HR,Communication,Recruitment,Leadership,None,HR Manager,0,24,Remote,Master,Tier 2
988,BBA,Business,Strategy,Sales,Excel,None,Business Development Manager,1,21,India,Bachelor,Tier 3
989,MBA,Management,Project Management,Excel,Communication,PMP,Project Manager,3,24,Canada,Diploma,Tier 2
990,B.Tech,Civil,Excel,Design,Communication,None,Civil Engineer,4,25,Australia,Bachelor,Tier 3
991,M.Tech,Security,Network,Linux,Communication,None,Security Analyst,0,24,Canada,Master,Tier 1
992,B.Com,Finance,Excel,Financial Modeling,HTML/CSS,None,Financial Analyst,8,32,Remote,Master,Tier 1
993,MCA,Data Science,Statistics,Python,Research,Google Cloud,Data Scientist,7,26,Canada,Master,Tier 2
994,M.Tech,Electrical,Circuits,Proteus,SQL,None,Electrical Engineer,15,33,Australia,Bachelor,Tier 2
995,B.Tech,Management,Scrum,Facilitation,Python,Scrum,Scrum Master,3,25,Germany,Master,Tier 1
996,MBA,HR,Labor Laws,Excel,HTML/CSS,None,HR Manager,14,32,India,PhD,Tier 2
997,B.Tech,Electrical,PLC,MATLAB,Leadership,None,Electrical Engineer,12,34,Canada,Master,Tier 2
998,M.Tech,Chemical,Excel,Chemistry,Research,None,Chemical Engineer,11,35,Canada,Master,Tier 1
999,MBA,Business,Stakeholder Mgmt,UML,HTML/CSS,PMP,Business Analyst,15,33,Remote,Bachelor,Tier 3
1000,BBA,Sales,Negotiation,Excel,SQL,None,Sales Manager,0,22,UK,Bachelor,Tier 2
